27,21,14,27,17,10,20,17,30,23,29,36,9,26,15,22,16,13,24,15,29,29,30,23,15,25,18,20,27,21,12,20,25,10,22,24,12,10,20,16,24,17,11,28,20,5,20,31,14,20,15,17,19,27,31,4,7,14,12,27,16,18,19,14,52,27,116,127,150,184,165,157,208,186,161,68,50,60,46,50,41,119,209,170,153,158,127,116,92,27,16,22,21,8,46,59,145,154,77,62,57,45,29,24,21,34,75,144,164,161,184,152,154,176,150,159,145,157,59,45,25,21,30,28,108,117,126,116,120,82,70,67,39,54,50,44,32,41,42,29,16,33,32,20,19,20,22,20,16,17,17,10,28,14,9,22,5,21,21,30,23,19,20,30,17,31,27,22,17,39,18,24
16,16,25,11,24,19,29,18,15,21,31,1,25,12,23,31,22,24,14,25,25,28,26,32,20,32,13,14,23,17,21,23,31,24,25,29,25,30,38,48,113,126,163,195,186,236,217,176,242,175,67,47,42,46,49,31,135,253,196,177,196,187,153,90,35,33,31,21,30,40,32,115,146,126,60,55,58,45,30,35,22,71,145,161,139,195,157,185,183,156,183,145,87,34,34,34,38,29,70,141,134,128,162,98,66,76,51,44,48,40,26,48,23,33,26,15,13,19,19,8,16,30,19,18,30,14,5,14,30,25,14,20,20,30,0,5,14,0,0,25,15,12,17,14,8,22,3,9,26,23,29,6,31,0,19,26,26,0,7,0,3,27,1,21,28,29,17,25,12,21,24,12
24,13,5,0,6,31,27,20,25,15,5,0,18,14,13,28,11,10,26,18,24,26,20,28,16,25,15,29,22,80,64,64,64,217,217,217,213,229,209,181,118,53,49,45,26,23,34,142,251,193,216,168,168,150,58,22,25,27,13,18,56,140,140,150,74,65,55,48,32,37,26,71,131,131,174,170,170,162,200,165,165,188,140,122,63,41,21,37,35,45,104,141,125,144,144,79,99,99,68,66,44,55,45,39,40,32,33,20,30,17,16,23,24,16,31,9,10,19,35,22,9,5,15,7,13,34,8,26,11,31,17,29,21,14,11,18,26,20,12,27,23,22,12,30,22,25,3,17,14,20,9,30,28,25,4,8,25,5,29,21,31,30,27,23,14,14,20,31,11,17,13,27
27,24,26,20,29,35,10,26,18,31,19,14,31,18,31,22,35,23,27,35,38,21,94,128,168,185,160,204,214,217,161,227,133,46,39,40,44,48,119,201,227,169,149,148,155,98,65,17,27,28,3,22,59,135,111,131,54,66,56,39,33,32,20,52,125,166,158,152,148,169,151,149,156,117,125,78,53,42,37,46,52,77,138,123,126,137,83,96,62,68,72,45,42,66,49,35,58,42,42,25,30,28,23,17,29,27,19,21,14,4,4,16,28,19,18,26,27,24,24,32,24,11,22,17,29,10,23,22,8,22,9,22,14,16,1,26,16,17,14,18,24,20,11,22,30,13,12,18,25,27,9,16,10,18,27,33,27,10,8,25,29,8,21,25,20,28,6,3,28,3,7,19
19,20,12,12,17,26,30,27,27,23,14,23,28,23,24,12,20,16,17,13,23,26,6,24,31,9,27,87,72,184,154,144,176,161,125,139,138,113,37,31,32,26,42,27,78,171,167,170,163,152,133,122,38,17,11,15,12,27,17,41,101,120,60,75,56,49,40,35,28,46,119,161,129,175,159,166,185,165,165,129,143,58,49,22,29,20,25,44,106,109,117,122,112,88,72,73,58,40,48,45,58,52,34,38,27,28,16,17,23,29,17,25,31,16,5,5,14,19,9,12,30,15,17,12,20,21,21,29,23,10,30,14,31,13,27,33,28,3,18,9,0,3,22,20,23,8,11,24,31,23,37,20,21,13,17,11,20,13,14,31,14,9,11,7,17,20,21,24,30,19,14,19
20,23,7,14,2,12,27,31,18,14,9,30,12,17,14,13,8,11,21,4,14,21,25,18,17,25,29,28,16,27,59,98,174,181,221,221,195,221,221,221,189,70,45,50,53,28,31,45,143,143,181,169,169,169,105,44,29,20,16,15,17,26,71,128,96,74,45,68,40,54,28,32,50,130,130,149,121,144,148,143,143,132,120,91,40,35,30,25,29,38,115,115,133,136,136,101,88,92,92,44,49,44,37,35,32,33,21,26,14,2,18,30,14,13,21,9,24,31,8,22,28,13,22,30,25,27,12,19,23,11,12,30,27,24,11,28,11,27,15,10,19,11,18,19,15,17,9,20,22,4,15,31,30,21,15,8,1,24,6,25,14,27,25,5,11,14,16,19,23,21,12,11
18,20,15,14,15,17,6,11,11,19,21,29,14,29,9,6,22,25,19,23,16,20,23,19,29,15,33,19,11,10,23,16,28,50,110,173,187,211,234,162,227,191,175,185,128,44,34,44,36,26,31,75,182,207,213,174,176,176,90,35,14,29,31,24,62,86,152,162,103,65,60,41,47,33,29,46,129,157,134,165,132,156,129,175,126,167,121,87,41,45,28,18,21,98,125,121,149,96,98,86,59,59,52,48,56,52,44,47,24,28,23,19,11,29,24,27,21,20,31,29,16,21,9,17,27,25,19,12,27,21,25,5,23,13,25,10,13,18,21,6,27,20,14,18,10,13,26,30,30,5,17,18,14,30,23,27,28,18,23,15,24,19,10,16,7,11,12,18,16,12,13,23
23,30,30,14,9,19,22,9,10,27,21,27,19,30,9,8,11,26,10,19,14,30,33,25,29,15,21,17,25,14,23,23,111,169,166,166,161,193,199,199,225,253,253,82,41,34,45,36,38,68,181,224,224,224,150,154,130,103,32,18,25,15,13,34,55,127,127,127,56,58,40,34,40,25,18,87,132,132,130,137,137,198,144,169,169,176,146,80,48,37,29,31,41,90,90,120,121,125,125,80,70,58,56,63,54,53,48,49,41,32,11,29,17,16,24,22,36,28,21,28,28,10,26,11,0,8,28,28,34,25,27,24,23,19,28,13,17,30,29,23,10,15,18,24,9,27,17,25,14,18,22,22,29,23,29,23,14,18,31,29,24,10,7,15,7,24,22,20,13,16,18,19
25,27,30,21,16,17,22,30,18,31,12,11,2,15,25,9,19,31,24,19,10,19,19,28,27,17,30,23,28,134,134,270,268,268,210,239,239,232,110,54,40,45,35,27,40,191,244,244,184,180,180,89,38,28,29,12,27,31,21,56,90,68,52,54,54,18,28,20,34,114,131,131,147,165,165,161,194,173,173,188,164,164,164,34,32,26,29,101,138,138,155,156,156,90,94,63,60,52,45,35,47,34,39,25,23,27,9,26,16,18,5,5,21,15,25,29,7,22,12,4,6,21,27,0,0,13,31,7,20,9,31,13,29,5,25,21,19,27,31,12,8,13,25,9,18,22,15,17,26,17,3,4,28,20,14,26,21,14,14,18,27,29,30,16,11,30,31,19,11,17,14,18
9,24,37,23,20,30,17,11,11,17,10,29,6,31,25,8,16,26,19,13,0,25,30,7,29,30,16,29,28,17,18,37,17,63,74,166,179,202,205,203,214,202,152,157,61,50,30,39,21,34,116,223,202,176,132,161,160,141,85,35,31,19,24,32,39,96,121,75,64,78,67,48,34,29,30,65,122,106,149,91,145,130,171,147,167,115,89,42,44,22,29,37,92,103,119,124,107,91,53,84,50,50,61,47,50,44,30,30,25,26,27,27,17,22,25,28,28,11,12,31,21,26,18,21,22,26,31,14,8,24,3,9,26,26,23,15,14,18,31,30,23,20,10,20,11,12,9,16,23,11,11,9,19,29,22,21,27,20,25,21,10,26,11,20,22,18,30,21,16,11,23,21
21,15,24,28,16,22,24,23,27,18,18,16,35,30,14,28,25,21,21,23,19,10,9,22,17,15,8,33,28,18,29,29,64,87,153,154,175,146,162,176,152,151,164,121,54,44,43,38,44,47,166,211,167,154,165,154,93,40,21,10,4,17,30,36,74,97,65,77,62,58,38,27,7,39,100,135,125,122,116,142,137,138,143,143,138,74,55,37,44,22,27,64,97,110,111,100,72,53,36,36,45,31,40,32,37,26,5,17,15,13,34,28,27,30,23,26,21,15,22,27,16,12,13,28,16,32,23,22,19,24,28,36,32,20,9,26,17,11,26,28,13,26,12,28,11,21,18,23,14,5,16,8,39,28,28,22,21,19,21,20,22,26,25,21,7,31,12,28,12,18,18,8
17,28,19,21,13,17,32,10,20,12,13,16,19,18,24,17,23,21,19,30,29,10,15,20,21,10,18,21,21,14,21,14,20,23,24,30,27,57,90,110,110,215,227,227,227,221,198,198,117,61,48,61,52,45,123,164,118,118,118,105,96,96,54,29,29,15,24,45,50,94,86,39,54,39,33,36,52,36,36,36,124,120,142,100,131,131,150,125,140,140,55,43,34,33,35,81,82,112,100,100,68,72,58,31,50,38,40,41,37,31,27,10,29,17,15,19,12,21,21,19,20,30,25,25,11,41,13,26,12,10,2,31,13,11,22,20,16,12,22,20,7,31,10,18,21,13,18,29,28,9,8,24,23,30,23,26,25,31,17,14,11,22,25,10,13,33,20,26,27,23,8,15
9,16,29,10,17,17,13,4,30,9,26,17,24,24,24,18,22,6,12,18,14,29,16,30,11,23,23,31,25,26,36,78,124,145,164,167,146,146,172,146,85,46,49,51,50,93,154,239,163,187,197,153,108,58,27,6,25,24,18,29,51,114,110,83,63,54,48,41,22,24,34,91,135,119,134,110,138,117,128,119,132,115,71,45,29,13,25,51,91,103,107,112,110,72,78,65,58,57,47,42,44,43,37,25,11,12,30,13,30,13,7,31,29,21,1,16,0,22,2,14,14,24,26,23,31,16,17,12,23,2,18,7,14,30,20,1,26,11,22,20,21,16,19,21,6,7,11,10,7,20,16,27,14,25,1,28,22,14,10,1,8,28,26,12,30,10,15,31,20,21,5,13
13,6,14,5,5,8,3,25,14,24,17,5,10,4,20,19,24,26,0,12,13,24,24,37,18,75,32,130,191,159,152,161,164,153,134,84,34,23,43,51,72,133,158,130,131,128,134,137,81,32,21,29,15,28,35,28,51,110,98,44,41,41,37,21,27,27,57,100,109,103,113,106,113,106,102,142,115,132,92,56,41,42,30,60,87,91,96,98,113,64,68,61,56,56,42,25,31,29,26,23,29,14,24,18,20,29,19,43,20,11,24,28,28,19,25,24,24,8,12,14,6,21,27,6,14,25,27,25,11,22,4,7,28,23,6,20,15,17,2,24,15,17,31,21,27,5,29,24,18,8,26,13,15,17,14,7,26,29,3,0,29,24,18,13,13,27,23,7,28,26,35,12
27,31,27,3,22,30,7,11,11,16,25,12,15,18,6,14,19,14,7,24,0,28,10,20,22,30,17,19,7,9,17,6,10,13,27,20,70,172,184,154,173,189,200,184,127,61,50,56,55,51,107,237,213,166,134,192,153,113,49,28,29,35,25,24,18,25,104,103,48,53,46,31,36,27,23,36,133,118,155,118,138,115,141,122,153,126,131,82,48,35,36,34,56,85,100,98,118,110,94,68,53,79,58,70,33,43,41,40,30,20,7,6,16,30,17,31,17,17,23,16,10,25,31,6,16,20,25,20,11,15,26,17,21,28,13,30,24,30,27,13,30,17,15,12,17,30,9,17,23,31,30,12,11,29,0,10,23,8,25,30,23,43,33,27,18,32,18,22,18,20,30,18
20,13,19,22,17,28,22,12,27,12,18,12,23,10,23,30,9,17,28,16,15,14,27,18,17,37,41,69,105,151,135,138,119,157,129,151,136,66,48,34,43,75,108,215,220,177,159,167,149,122,58,26,16,14,24,35,22,93,162,98,65,67,75,30,50,34,44,109,123,112,152,127,147,125,148,125,166,114,69,37,49,34,59,96,111,101,121,116,69,62,71,55,63,51,37,40,37,33,34,23,25,39,32,32,26,22,30,24,22,24,31,30,26,21,22,25,17,38,24,19,31,29,28,16,26,31,19,14,18,11,22,13,30,23,13,14,10,31,19,19,24,5,31,16,9,19,8,23,21,18,19,17,29,22,26,26,17,29,27,10,23,13,8,29,0,15,19,5,10,14,30,20
20,16,6,12,22,22,15,25,7,3,20,31,13,29,12,10,22,29,21,18,20,14,31,31,14,8,29,25,21,19,16,16,29,19,28,23,92,113,154,127,178,171,173,140,156,119,49,41,46,45,86,190,162,169,176,136,131,75,40,13,12,29,21,40,32,111,109,67,76,78,46,38,30,20,99,126,132,162,121,153,123,147,111,122,98,40,33,25,20,35,68,111,86,120,83,77,63,70,60,60,40,55,35,33,31,15,10,31,15,27,26,13,23,0,14,17,21,21,32,35,29,16,28,28,28,26,20,28,13,26,31,31,11,21,27,39,9,28,30,24,19,15,23,15,34,11,37,16,22,30,23,43,32,31,24,22,16,28,20,29,30,32,45,11,21,19,32,29,25,12,29,14
14,11,24,0,24,5,14,6,25,24,24,28,28,23,11,20,22,16,26,25,21,23,20,31,25,26,27,24,26,63,183,209,209,237,204,204,203,202,214,214,54,45,29,24,54,106,141,105,123,121,101,73,35,30,26,13,30,25,32,100,121,64,60,38,42,33,27,25,77,138,138,150,137,167,136,165,144,133,139,97,46,36,40,33,63,99,134,134,118,110,126,126,72,56,57,58,59,46,46,27,31,8,26,8,17,17,14,17,29,2,17,17,21,13,28,23,18,13,33,9,11,16,14,6,10,12,23,24,25,17,17,21,19,16,22,21,29,18,24,28,20,23,22,3,18,8,13,23,26,15,27,20,19,13,36,14,17,6,28,8,15,18,23,23,28,12,29,23,18,22,21,20
20,10,30,26,13,26,30,13,19,17,18,14,2,17,16,11,26,10,26,6,23,10,9,29,3,15,21,13,18,19,21,15,57,109,145,186,148,154,153,130,143,150,62,32,34,22,33,62,86,111,108,88,85,87,43,28,21,30,17,28,34,65,115,121,66,52,60,46,26,26,26,85,122,100,115,92,121,97,111,103,115,105,82,48,30,35,24,53,80,108,101,120,106,82,63,73,50,72,55,35,42,31,28,12,21,8,5,34,25,19,29,31,2,14,12,29,5,14,1,16,17,29,8,10,24,33,10,19,29,13,24,26,9,28,18,30,7,31,1,16,8,0,13,26,24,14,17,18,5,18,28,17,27,31,15,22,12,17,24,23,10,29,24,16,16,9,17,14,39,24,19,13
20,27,27,31,14,13,20,16,22,31,17,17,15,5,20,26,31,24,17,22,26,22,19,31,20,17,14,14,16,30,17,12,31,22,26,30,15,17,37,14,34,23,25,100,130,158,155,135,129,108,145,130,113,73,50,49,34,67,105,130,159,133,131,119,136,60,32,21,25,18,27,23,87,148,141,58,49,63,44,47,33,40,56,129,176,196,168,154,155,160,145,163,142,96,64,38,36,32,22,46,84,86,85,96,85,81,54,70,55,52,55,46,46,53,35,47,29,24,19,12,15,19,0,13,29,18,27,11,13,21,31,7,27,21,30,22,24,28,29,30,9,22,13,30,19,25,22,19,5,19,7,24,26,22,15,29,14,11,25,33,28,19,17,14,21,32,21,23,13,13,29,26
29,7,29,22,15,22,8,19,31,23,13,26,18,36,38,31,22,19,10,30,10,28,18,18,20,12,9,17,27,14,21,17,23,31,55,53,165,140,153,157,136,178,172,170,131,102,52,46,41,50,77,151,176,165,186,155,109,56,24,16,31,20,23,20,106,113,77,77,72,69,52,46,35,97,121,153,146,180,129,195,131,175,149,159,138,58,31,40,39,55,71,94,91,103,107,86,71,55,78,38,46,57,58,55,44,30,26,16,13,31,27,15,19,13,13,14,15,28,22,22,22,4,29,30,28,22,21,25,16,30,14,25,16,29,34,34,16,16,43,30,35,31,28,27,17,14,19,21,13,19,33,21,21,31,12,23,21,33,16,31,14,16,24,31,30,17,26,16,6,5,19,34
34,27,30,27,2,1,12,6,15,17,4,20,21,28,21,26,28,14,28,29,14,18,8,24,23,10,8,7,15,30,25,85,154,175,177,147,175,164,146,162,170,183,139,71,52,39,42,46,81,141,137,136,147,122,88,40,23,7,12,12,23,31,69,114,74,51,61,44,56,27,22,29,77,137,153,147,153,137,153,139,165,121,158,113,51,36,30,30,19,59,97,94,98,95,97,58,75,42,63,60,40,40,37,24,25,0,11,8,19,7,10,7,4,26,30,20,18,29,15,10,24,13,30,14,15,13,22,20,20,30,25,0,31,7,31,1,4,26,16,26,9,18,6,29,15,28,16,29,13,20,23,0,20,20,18,18,8,29,16,16,31,14,23,24,5,15,12,24,31,14,18,29
29,19,19,27,33,23,17,22,31,14,11,15,29,12,9,22,25,10,10,12,20,31,18,25,36,20,19,25,14,18,25,23,31,16,74,63,164,148,172,184,147,186,183,174,124,57,32,39,49,63,137,179,159,176,156,140,98,37,18,22,14,21,15,61,128,140,76,74,64,51,47,34,30,43,101,148,149,149,129,156,132,155,133,136,131,52,32,33,33,30,63,120,107,109,107,120,83,70,62,62,47,64,40,33,22,12,24,7,1,27,14,24,5,5,10,29,19,30,16,26,19,22,18,13,12,20,13,8,0,23,0,16,17,4,29,19,13,27,7,14,12,23,25,29,6,14,26,17,8,29,9,20,17,27,19,10,29,19,25,20,23,9,9,9,2,17,33,29,12,31,10,26
31,19,6,21,23,21,26,28,31,42,26,13,22,25,28,23,13,31,25,30,14,24,22,24,28,21,26,38,21,21,32,19,26,28,48,87,106,170,173,150,169,183,168,173,156,102,27,36,35,32,29,30,139,159,123,131,110,89,40,23,29,25,14,25,26,19,69,133,76,41,40,45,30,26,17,20,29,103,113,121,114,136,137,151,139,116,135,91,50,28,37,44,80,91,91,109,116,95,68,73,40,50,48,36,36,34,22,26,6,4,18,14,17,18,23,28,6,15,26,24,11,19,9,22,3,26,17,25,12,30,20,23,10,8,14,10,17,20,13,17,15,30,20,13,16,27,15,25,13,15,17,28,10,22,26,4,35,11,19,29,24,13,17,20,25,12,19,11,18,21,28,19
10,17,10,27,12,23,28,5,13,30,5,25,4,27,28,29,12,24,15,30,24,20,22,31,14,22,29,25,14,22,12,22,24,7,29,66,85,155,141,149,159,155,152,152,138,45,52,27,39,78,78,199,160,170,195,149,102,43,41,32,18,16,37,20,84,156,109,109,109,44,55,33,21,29,82,82,118,142,142,127,97,97,97,125,120,98,45,45,24,36,32,86,86,115,112,112,68,69,49,51,63,39,46,45,32,39,20,23,22,20,22,24,18,27,20,27,23,7,11,15,16,21,22,28,19,23,10,24,18,17,28,20,19,10,25,14,27,24,7,1,7,31,9,9,8,19,15,19,21,15,21,27,25,8,20,5,10,30,22,6,16,26,13,15,29,12,22,23,16,12,13,16
18,14,20,28,21,12,12,8,29,28,27,33,15,13,28,31,12,26,27,21,26,25,19,19,21,31,8,23,12,13,14,13,24,25,13,27,12,17,65,152,152,153,121,129,142,143,127,127,170,142,51,42,30,39,14,14,76,151,155,134,136,136,40,16,23,17,11,29,30,106,110,58,72,61,56,49,35,14,27,138,137,158,158,150,133,157,130,150,119,134,91,68,25,34,38,39,55,93,94,94,94,97,71,64,55,35,60,42,44,38,49,30,17,16,25,17,17,15,11,18,15,12,21,10,1,9,28,16,19,19,36,27,20,27,14,0,27,4,20,18,34,25,24,12,19,10,22,24,22,22,30,13,19,17,25,19,29,15,13,17,23,16,13,19,11,21,24,22,20,7,29,23
31,22,17,26,6,23,23,22,7,23,16,11,9,30,12,10,12,6,29,4,24,20,30,9,30,29,21,23,8,19,24,19,19,74,124,148,164,157,141,149,145,161,173,151,88,46,43,37,42,45,105,109,130,121,127,126,73,27,22,31,31,27,24,52,98,102,61,54,52,45,38,24,17,20,54,111,110,116,138,109,128,106,113,114,98,92,41,29,17,12,24,37,66,92,77,74,86,64,52,43,50,48,46,47,44,39,26,23,20,27,4,16,19,30,12,26,19,22,25,19,25,28,11,27,4,21,23,25,2,23,20,16,17,5,10,24,31,6,3,0,14,8,14,19,29,16,3,10,11,9,4,11,30,10,30,21,25,26,4,6,9,30,3,13,5,4,23,24,5,29,12,19
19,28,11,29,22,17,15,9,13,25,28,18,11,23,20,14,21,14,23,18,21,27,9,27,30,22,20,16,18,19,21,30,33,19,17,30,27,55,110,141,139,139,150,163,163,162,141,141,108,51,45,33,34,70,131,140,105,149,139,120,59,44,23,3,7,22,28,78,128,128,135,80,48,46,28,34,30,35,111,111,116,143,143,136,128,135,143,113,133,104,50,31,24,30,36,37,91,74,95,67,109,72,76,49,67,37,31,49,46,41,32,30,23,10,17,25,28,14,9,26,14,18,13,22,27,9,15,25,9,27,15,17,22,15,23,17,27,15,8,30,11,7,9,8,21,17,27,10,23,29,25,20,30,27,3,30,14,26,28,25,29,19,43,21,18,23,26,28,1,3,33,9
31,15,14,27,18,8,3,6,21,15,10,26,20,21,18,34,11,30,16,12,29,11,24,10,21,21,14,25,0,11,18,12,10,23,0,21,28,26,22,29,17,87,152,148,147,94,123,146,164,159,116,91,52,39,36,27,60,143,180,169,126,154,131,110,81,32,25,16,20,31,10,20,81,133,115,73,59,49,43,32,26,36,65,143,119,101,122,119,126,118,131,117,140,112,130,94,44,21,33,23,53,93,104,101,127,110,61,65,50,59,33,61,60,42,39,27,18,21,25,15,26,28,28,10,27,30,9,11,11,7,24,28,18,22,16,18,8,18,14,28,24,13,15,23,31,12,13,12,17,11,18,17,26,22,22,11,22,19,28,14,30,24,30,11,30,8,29,23,17,14,21,23
23,11,22,22,32,18,22,14,28,13,9,20,27,0,18,11,29,28,11,28,6,16,11,11,29,12,26,24,40,67,119,119,119,112,129,156,190,137,47,44,32,45,98,184,209,209,169,123,98,26,25,6,19,25,6,30,47,114,100,57,63,48,52,31,38,19,70,128,110,111,112,110,117,117,102,103,126,111,111,55,52,25,36,45,94,94,113,113,118,106,106,61,66,74,56,43,53,50,35,43,32,30,27,41,22,25,16,22,20,13,27,27,57,37,31,33,32,19,20,37,24,33,25,33,34,18,26,25,25,29,29,39,19,21,11,22,25,12,22,26,15,14,18,19,14,20,14,8,12,8,24,28,21,31,16,7,5,24,28,24,26,20,16,20,22,26,27,19,28,1,31,20
17,22,21,10,10,16,20,25,29,13,30,5,9,6,20,18,12,12,30,23,19,28,28,18,30,23,33,22,26,22,49,27,65,151,125,187,135,168,150,134,176,174,145,75,48,45,45,78,114,145,138,141,134,108,107,53,23,11,20,14,26,34,79,137,120,72,68,45,53,35,29,17,21,24,122,118,150,108,147,111,146,136,133,156,100,65,34,36,40,63,85,106,94,94,113,97,83,56,71,53,53,68,42,59,54,47,34,24,12,5,23,17,15,30,20,20,9,17,20,38,46,24,30,32,22,31,25,15,24,20,21,17,13,30,23,4,13,23,5,9,31,9,11,14,7,18,27,17,15,21,22,23,28,6,26,4,19,26,16,0,19,8,32,21,31,30,23,14,28,14,11,11
22,18,28,18,19,23,25,17,16,15,16,13,32,29,28,18,23,23,26,14,29,10,22,23,29,9,4,21,23,14,7,19,26,26,19,29,27,20,19,28,7,42,81,103,100,90,100,111,96,143,135,143,78,42,32,25,47,53,126,140,119,104,125,120,57,24,19,18,25,19,26,33,73,99,128,80,55,49,48,39,34,23,21,78,110,140,122,118,111,132,119,134,124,128,99,111,37,38,34,30,25,65,92,96,102,105,115,100,75,67,48,58,42,53,46,35,30,35,27,27,4,8,13,22,12,13,13,12,25,16,16,14,11,19,16,15,22,12,9,11,15,21,29,29,11,17,11,20,0,10,15,17,9,28,16,12,21,24,19,29,13,14,6,15,10,17,24,28,18,26,14,26
3,22,29,26,27,14,3,13,15,18,17,31,29,25,18,14,27,16,31,16,6,12,75,140,182,182,141,117,132,157,135,143,159,147,80,80,34,45,40,48,110,117,98,75,94,76,39,18,29,25,30,26,35,44,96,85,85,36,52,49,44,27,24,26,88,102,108,99,123,107,101,107,99,113,112,77,67,30,25,19,28,49,79,81,102,95,87,59,45,48,42,63,29,45,43,38,42,42,31,24,26,30,18,16,20,27,29,23,26,20,34,23,24,31,22,28,31,27,44,54,75,44,29,37,31,27,22,15,19,24,25,10,30,32,19,19,26,27,15,27,25,29,12,18,24,23,9,20,21,19,27,19,10,18,28,24,29,12,23,28,28,14,4,28,13,7,26,28,7,31,17,14
27,29,27,16,29,31,27,7,19,26,12,10,21,18,4,12,19,23,30,20,16,16,22,36,16,25,37,48,112,112,144,119,119,145,138,150,150,167,96,45,63,67,84,142,213,208,208,162,112,103,32,12,6,30,20,27,27,82,111,100,67,54,32,43,37,27,27,50,125,129,129,129,104,133,133,122,115,98,98,46,38,27,30,35,87,87,87,73,114,79,76,52,61,41,47,52,46,47,41,23,25,26,6,31,18,8,25,14,5,21,35,20,22,13,14,31,5,30,16,7,28,17,30,29,30,22,19,23,23,12,14,24,25,14,4,18,21,21,10,2,29,6,17,12,29,6,8,4,17,25,26,14,19,2,0,12,17,5,8,22,16,10,26,31,12,9,10,14,9,0,2,13
0,8,29,20,22,18,6,16,24,27,5,10,21,20,14,10,23,30,17,25,17,15,11,17,16,106,106,198,171,171,141,149,149,149,116,61,34,38,31,44,84,127,114,111,101,100,70,46,22,11,11,8,25,24,43,86,84,96,51,40,54,30,42,24,38,85,135,112,117,134,116,148,117,156,142,94,50,31,28,33,77,104,91,112,112,112,109,85,56,68,51,58,63,41,32,36,28,10,21,19,20,15,28,28,26,15,24,24,19,35,29,22,16,30,26,17,23,29,10,11,20,27,12,10,10,22,21,15,29,20,31,6,1,13,20,29,22,14,24,5,24,24,12,21,15,5,5,15,20,21,19,31,17,4,26,20,29,22,9,12,26,23,14,6,15,16,16,20,22,25,25,8
8,32,19,30,35,33,24,24,28,21,19,22,21,30,16,11,31,23,16,41,34,94,116,110,115,121,127,136,118,152,134,72,76,80,87,119,120,100,113,109,86,44,32,24,39,29,22,29,55,92,132,64,37,28,34,35,24,22,77,101,108,108,120,112,59,129,105,120,94,69,37,27,18,38,78,97,93,112,107,83,56,70,64,55,49,38,35,33,19,17,30,27,28,26,14,21,14,11,30,19,22,10,15,31,20,21,28,16,17,27,24,14,18,30,20,13,26,19,30,17,15,12,15,30,18,18,24,16,21,26,14,28,16,25,27,25,16,37,10,11,13,18,20,7,26,7,17,26,11,20,12,27,4,9,26,25,19,11,8,4,22,31,23,13,25,27,12,27,9,34,15,15
21,14,6,27,22,14,12,23,31,8,16,9,33,16,21,30,21,6,23,11,29,8,15,38,27,17,98,100,124,130,102,125,136,138,133,119,89,58,31,42,49,70,122,145,140,112,114,79,30,23,9,16,13,28,30,99,97,55,48,37,36,23,32,28,29,84,115,106,114,90,118,105,126,129,109,121,72,42,22,29,18,33,44,80,66,89,70,88,56,53,53,55,61,59,35,39,37,33,37,47,34,28,26,23,24,26,29,22,19,15,25,31,24,23,13,32,27,21,21,24,20,16,23,19,31,29,11,13,23,29,13,23,22,29,23,24,30,21,42,13,11,15,24,29,36,19,9,31,26,26,24,14,32,16,17,21,8,27,19,18,15,24,24,8,22,15,20,22,21,9,18,27
37,19,21,18,10,12,11,11,19,13,24,23,28,23,25,17,20,23,12,12,28,8,11,33,65,81,99,123,128,147,139,147,131,154,93,61,43,44,38,65,113,116,110,114,116,68,33,24,36,18,23,31,64,100,163,94,69,66,55,46,30,39,90,114,88,115,104,128,109,129,93,114,109,97,77,59,55,51,86,79,101,88,108,83,76,52,61,40,47,38,38,39,19,22,18,21,13,28,23,25,17,17,21,7,6,14,29,28,9,10,20,26,8,29,32,18,24,24,30,27,14,30,8,12,18,13,31,25,5,27,9,11,24,15,30,26,23,13,14,13,27,12,16,14,25,20,15,25,7,6,19,31,24,27,20,16,12,25,15,17,12,11,14,14,22,31,25,11,22,13,21,25
30,22,34,32,21,28,35,28,25,34,14,17,26,44,30,29,17,22,27,17,27,27,25,29,32,24,30,22,18,22,32,16,29,6,14,24,15,7,9,36,30,59,104,95,121,122,119,145,126,154,122,57,52,19,37,62,129,103,107,103,83,41,32,13,26,26,27,28,53,89,81,62,52,51,44,43,31,29,113,130,140,145,157,142,142,139,118,129,102,102,71,55,59,45,66,81,76,72,82,65,68,41,51,38,46,40,49,43,31,12,16,30,28,14,30,20,30,15,10,31,21,14,27,20,17,15,25,30,9,21,4,8,24,26,15,10,30,1,16,9,9,28,28,13,27,0,20,0,0,17,11,29,16,27,10,21,25,28,20,8,4,17,12,18,7,27,10,15,13,11,18,14
23,16,25,14,15,16,17,6,24,19,29,9,22,5,25,18,7,28,12,19,31,8,3,16,15,26,24,25,8,48,81,64,98,116,93,124,125,126,132,92,58,54,71,88,112,92,85,92,85,48,16,18,6,6,13,28,44,96,95,80,45,35,32,44,26,20,67,115,113,102,132,110,116,106,98,94,39,21,10,20,8,20,67,76,86,87,86,60,50,45,49,40,42,36,27,17,26,30,13,19,12,7,26,14,13,28,19,17,26,21,14,8,22,19,19,28,18,28,21,11,16,23,17,8,15,25,8,26,22,27,15,8,6,23,26,14,9,1,25,22,14,9,10,2,8,21,29,27,16,31,27,30,12,24,30,26,13,30,18,8,30,10,28,17,18,19,13,5,2,24,13,7
12,7,16,15,12,7,16,30,17,6,30,3,9,30,29,17,22,25,16,15,11,20,19,21,33,26,14,31,43,94,108,126,133,117,117,103,106,111,125,115,58,39,26,38,46,78,111,111,101,92,78,81,27,19,26,23,35,23,24,51,90,85,59,51,30,29,39,27,10,28,67,119,119,119,110,125,125,106,116,116,111,74,70,45,23,26,29,42,51,83,83,73,80,91,79,71,50,54,58,37,48,42,26,13,30,14,9,22,27,14,22,6,12,18,14,13,26,30,13,17,20,18,33,14,20,20,23,24,33,14,33,28,26,21,18,20,8,12,15,24,30,19,16,5,22,21,24,31,29,23,10,16,17,6,18,11,15,25,14,28,8,21,19,16,31,16,14,27,16,21,15,24
24,12,22,7,24,15,28,21,15,29,14,12,7,22,13,18,15,14,24,27,23,11,17,16,16,48,103,152,152,140,132,132,163,145,138,60,39,30,37,28,27,61,61,116,86,114,108,83,28,24,21,5,22,22,27,11,82,116,106,76,60,40,40,44,38,10,34,94,134,114,124,131,136,136,117,137,125,98,92,42,40,18,47,71,78,69,76,76,86,86,66,65,54,43,58,38,48,24,30,37,30,25,13,14,11,19,24,26,9,6,25,29,21,24,13,20,29,32,28,26,28,18,19,18,22,33,16,16,27,25,14,30,29,9,10,11,18,30,28,17,22,24,32,20,11,11,20,19,27,26,31,15,7,25,31,17,21,29,12,20,28,25,18,23,16,31,15,16,16,22,17,13
13,33,11,21,19,29,19,16,17,9,26,22,30,21,25,22,23,19,31,24,29,29,19,26,20,13,9,23,28,20,25,16,53,65,89,117,126,111,130,131,142,149,120,41,39,45,44,101,162,138,104,127,123,99,61,26,26,15,21,26,41,31,47,101,115,104,40,39,32,41,30,20,89,139,111,118,105,123,115,110,113,88,84,36,21,19,33,54,104,88,93,100,95,72,59,53,64,45,55,39,20,42,20,37,21,20,12,10,21,26,10,20,25,31,21,22,25,22,30,18,13,13,28,20,25,17,22,23,19,25,18,31,30,24,12,31,31,22,23,20,8,18,22,24,11,30,6,16,24,31,18,24,23,15,18,12,31,16,7,22,6,16,29,16,15,19,22,24,25,21,31,18
18,16,31,26,16,29,16,22,18,11,18,10,28,16,20,26,13,25,21,23,26,25,25,21,21,17,15,31,23,39,26,34,90,89,103,131,105,115,123,127,126,74,40,41,41,70,119,145,131,110,105,99,26,27,12,23,24,26,16,87,147,132,113,48,47,42,36,36,34,101,152,116,144,107,146,107,135,131,89,97,56,60,52,58,84,72,94,97,109,126,81,71,64,57,46,43,36,47,31,56,31,32,35,32,29,25,21,15,28,28,36,38,42,52,37,36,43,28,25,37,29,19,35,46,34,32,27,40,33,25,26,33,28,24,31,31,32,37,26,17,21,11,14,26,23,8,18,15,20,19,21,21,23,25,19,29,18,24,28,25,23,32,23,19,11,12,16,30,17,27,17,21
24,29,19,18,17,33,23,26,35,20,19,33,20,24,24,18,30,22,24,25,14,23,20,23,44,75,104,119,101,115,103,112,82,108,103,54,31,29,20,38,74,112,97,104,97,47,20,13,25,13,26,24,17,61,111,117,83,53,46,32,30,37,27,110,121,119,116,137,96,120,127,118,109,99,85,36,28,33,14,18,49,102,113,102,106,90,60,89,60,56,45,48,44,25,48,34,24,20,15,26,16,16,30,12,30,5,19,28,18,10,19,11,26,27,29,14,18,15,27,14,13,40,26,12,21,24,23,21,20,16,28,30,21,18,31,26,29,19,18,17,14,19,28,26,28,20,18,29,23,40,15,25,21,25,18,22,26,10,12,20,26,17,28,17,25,22,24,9,26,22,28,33
