55,19,13,24,26,9,30,28,23,20,26,2,19,28,25,14,9,21,10,30,8,6,18,22,20,20,20,12,33,33,18,17,30,29,32,64,90,169,210,251,182,249,191,241,222,256,204,232,205,245,200,245,226,253,288,204,110,62,41,47,37,37,14,21,12,30,30,25,33,30,39,31,22,24,26,35,21,32,32,35,34,29,22,30,23,27,20,28,22,31,29,36,25,29,29,20,28,29,26,30,32,34,18,25,22,28,30,19,29,29,27,32,41,31,25,31,28,26,8,17,26,26,35,37,29,21,24,40,46,34,39,35,40,51,38,48,44,46,37,36,29,30,19,21,35,33,20,19,38,24,26,53,37,34,20,37,33,27,30,31,18,13,25,24,24,21,17,22,12,31,13,25
18,29,19,17,19,28,28,28,23,35,26,25,36,44,21,16,11,20,10,26,15,18,19,26,17,34,15,31,63,93,123,224,240,266,257,313,238,297,274,247,287,262,231,187,208,193,257,212,150,75,66,33,30,31,37,25,31,27,29,31,25,26,41,28,28,18,19,33,26,30,31,22,35,33,24,33,21,20,32,28,32,22,40,30,30,25,31,13,30,20,20,14,21,14,36,25,18,13,27,14,23,28,30,20,13,20,23,24,32,23,24,15,27,16,19,15,25,19,19,33,25,27,25,29,33,16,13,27,25,31,26,16,25,28,27,20,36,24,33,35,41,41,32,34,31,27,17,31,25,29,21,26,34,24,16,30,42,25,33,29,25,21,28,21,18,22,35,28,16,21,21,21
21,16,23,12,15,19,25,31,24,11,17,26,27,29,18,14,9,2,2,15,28,24,29,26,20,13,15,24,29,26,30,29,21,29,8,8,27,9,14,16,29,30,15,27,26,26,6,29,19,8,29,12,8,20,34,23,21,18,10,13,16,28,16,33,28,13,7,16,8,9,6,14,4,23,25,12,30,13,13,15,24,9,31,35,35,168,185,185,185,367,262,262,213,272,272,241,196,218,218,233,237,237,138,70,53,10,6,15,13,4,16,24,16,29,24,8,31,11,15,26,27,29,31,29,18,28,33,30,32,38,29,24,49,33,24,41,41,28,35,37,23,25,19,33,18,33,22,29,24,28,19,16,24,34,35,22,29,38,31,23,18,20,16,29,19,23,12,7,15,5,14,19
26,16,27,14,29,13,14,14,3,27,8,27,20,16,9,21,23,24,27,14,9,21,26,22,14,28,10,26,10,8,31,23,7,25,15,14,13,20,22,22,16,17,24,29,10,17,20,33,15,20,19,28,4,27,23,24,25,15,19,24,29,34,25,88,142,136,151,171,277,221,266,193,233,200,208,203,191,151,165,234,215,159,79,42,22,39,13,20,21,31,16,6,21,2,28,23,20,21,24,28,25,2,16,11,19,32,19,23,18,24,25,29,32,21,25,25,24,29,12,24,10,28,15,30,14,20,14,16,17,33,30,37,34,37,32,30,30,31,37,35,29,17,20,25,10,21,22,7,26,12,17,25,24,29,27,31,30,14,8,9,31,14,21,26,10,9,16,30,23,24,21,5
29,7,7,15,13,10,22,9,20,8,29,23,14,24,15,11,18,12,20,16,11,20,29,71,108,108,160,230,230,220,161,225,225,223,148,148,127,152,152,152,121,102,102,33,31,19,27,25,13,10,17,28,18,25,29,26,31,19,16,20,23,20,14,31,29,22,31,17,12,20,16,19,9,26,13,28,28,28,9,30,33,20,21,28,30,15,28,19,25,22,31,25,11,11,26,29,25,27,31,21,23,16,16,31,17,2,21,12,27,26,20,25,27,35,11,8,15,15,7,14,14,19,22,6,10,27,31,13,20,22,33,29,22,28,28,27,34,31,37,30,36,25,30,21,23,6,6,11,25,26,17,15,36,29,31,18,17,32,20,19,19,30,10,23,23,7,24,11,20,19,19,31
31,27,28,29,43,14,20,20,30,16,31,23,3,8,14,19,11,30,42,64,139,151,151,153,254,254,265,230,230,230,223,217,217,175,139,221,221,188,152,152,56,34,19,31,19,17,12,19,31,15,17,20,10,11,11,20,10,15,14,23,18,23,18,33,28,10,31,25,22,23,35,28,29,28,21,30,33,23,20,20,19,22,39,18,21,20,20,15,27,12,16,20,22,15,8,33,19,27,22,16,21,21,21,4,26,31,5,17,29,35,20,22,24,17,38,13,21,24,29,1,18,22,0,15,14,24,20,13,11,21,32,10,35,18,31,38,23,25,32,30,45,35,34,28,29,22,27,2,29,6,8,9,13,4,18,13,32,45,22,28,25,24,13,6,26,17,16,15,23,28,2,4
4,24,9,11,18,21,21,30,22,13,24,34,2,1,14,25,31,31,22,18,27,34,68,98,120,196,243,192,159,162,127,184,144,182,175,185,239,185,181,199,148,117,58,34,32,13,17,33,32,35,28,19,28,19,33,31,21,11,29,32,10,30,31,25,29,28,23,14,30,26,16,30,24,30,31,19,26,12,17,24,14,14,24,22,23,29,11,27,3,10,23,9,11,15,18,19,10,25,29,16,17,23,18,14,25,30,16,19,19,22,11,11,30,21,17,19,13,27,18,27,7,8,2,22,18,30,8,30,23,9,16,16,25,23,25,20,22,33,25,28,24,29,20,11,11,19,9,20,14,6,18,26,31,7,18,25,20,20,22,22,34,20,29,11,17,5,23,25,18,27,19,9
9,30,23,12,14,17,24,28,21,12,19,16,17,19,31,23,7,25,54,116,142,188,282,259,332,266,292,265,217,250,222,239,173,192,169,229,205,178,139,66,34,23,32,30,32,29,18,5,27,18,9,26,25,9,26,13,27,24,21,17,15,16,11,13,22,11,13,7,32,16,25,12,20,6,11,16,20,22,15,23,30,7,18,14,22,27,24,12,17,5,13,11,28,17,28,28,3,19,19,20,15,30,14,19,14,27,9,9,8,11,0,21,29,25,15,25,19,5,20,32,25,34,42,35,23,23,29,24,29,28,51,38,49,43,43,64,57,47,69,59,54,44,45,44,40,36,59,58,28,28,34,11,28,33,33,43,45,42,32,42,30,21,26,25,22,20,24,22,7,23,17,31
14,5,3,19,10,24,16,10,26,14,22,18,28,23,30,8,25,17,19,23,25,4,19,30,38,61,70,70,157,256,256,321,251,251,209,276,206,206,181,252,252,181,161,180,180,138,91,40,25,22,20,22,28,24,17,15,10,23,31,9,16,15,28,32,29,21,22,11,23,11,15,24,21,9,28,9,26,7,25,24,10,23,12,7,26,22,23,27,19,29,3,30,24,19,27,23,25,30,18,27,27,20,26,22,23,11,19,20,27,14,19,17,3,29,26,29,9,8,11,16,23,32,15,12,7,29,18,19,24,3,8,29,19,32,26,27,32,32,31,35,31,20,18,13,32,21,24,11,30,13,12,27,25,28,25,32,40,29,33,27,22,31,18,25,5,23,22,10,31,20,23,27
2,22,11,16,14,21,12,29,18,30,24,25,20,12,16,19,31,26,25,24,24,21,5,21,31,7,32,23,2,19,28,26,8,26,12,39,60,93,153,262,186,248,186,277,177,258,201,237,206,200,163,154,159,134,222,195,168,121,56,51,36,13,22,4,13,14,14,28,21,25,9,27,9,27,14,10,23,24,29,16,28,19,15,14,26,24,28,16,25,23,11,10,5,20,21,23,15,13,22,29,30,29,18,10,22,15,22,24,30,28,17,32,23,28,28,13,20,18,8,16,6,9,19,3,24,21,22,22,19,20,20,23,17,32,25,30,27,34,22,34,16,5,11,17,0,27,31,7,24,8,16,9,19,8,33,18,10,39,9,1,35,30,25,26,25,30,18,32,24,20,17,24
22,30,10,29,22,13,27,30,18,19,15,30,25,30,17,13,26,4,23,24,9,12,25,61,106,190,205,256,321,293,282,289,294,252,274,243,231,195,248,252,281,226,190,120,59,44,23,17,10,25,26,13,31,13,20,23,22,31,29,37,33,20,20,38,29,23,33,31,30,28,16,14,16,8,26,15,25,7,6,19,15,23,2,25,14,31,13,18,29,13,28,12,24,30,26,22,10,29,15,29,21,11,20,12,26,17,14,22,3,24,27,22,19,8,4,17,13,6,6,31,19,14,19,25,27,29,28,7,13,24,21,20,17,31,29,36,29,21,18,28,8,3,13,20,6,8,21,14,6,12,30,29,18,5,4,14,22,25,2,21,24,7,26,23,18,13,21,10,16,24,22,29
29,6,20,27,11,3,7,12,21,21,18,19,8,10,21,26,8,25,26,18,48,148,143,236,236,236,247,271,226,267,210,210,210,200,169,169,220,215,207,155,103,43,28,7,25,28,14,20,26,7,20,13,11,20,26,15,31,15,31,15,7,29,27,34,29,15,9,16,25,19,7,20,4,4,3,6,20,31,13,11,12,26,21,18,10,8,0,28,13,11,23,16,27,31,21,20,0,14,37,29,16,28,15,32,22,23,28,23,23,27,31,15,30,22,22,24,31,8,31,28,23,24,26,16,22,20,15,25,16,16,19,25,24,15,38,31,11,11,31,25,18,12,29,30,28,14,30,27,24,31,27,21,18,13,12,21,21,24,26,13,30,16,24,16,41,7,14,23,14,31,11,14
14,32,21,12,18,29,18,13,23,22,17,11,22,31,23,25,26,16,14,8,23,8,25,57,52,70,171,201,284,305,283,300,286,236,250,211,222,173,206,144,168,141,226,187,164,83,45,34,31,7,17,30,23,14,29,14,25,12,13,20,19,16,24,28,30,31,28,40,21,18,21,31,15,18,21,21,9,17,17,16,32,23,18,26,68,113,52,63,46,42,27,31,27,57,74,66,94,38,36,51,25,23,27,30,34,46,50,33,33,24,24,38,35,31,37,36,18,30,20,22,22,24,34,38,34,26,17,20,32,19,20,26,25,11,30,27,18,20,31,20,29,21,20,16,14,18,14,21,20,13,31,24,27,34,34,32,34,18,22,27,18,20,15,12,12,17,23,31,10,28,12,17
17,16,26,20,19,5,28,25,29,9,19,13,17,18,14,24,8,31,22,25,38,173,173,275,321,321,355,305,305,305,273,285,285,280,237,237,237,212,203,203,98,58,36,34,9,14,3,13,23,17,30,31,24,35,24,33,22,26,10,8,20,31,30,63,61,39,44,63,30,21,27,25,20,23,40,52,84,80,42,27,39,34,29,14,19,42,44,66,66,54,34,42,57,52,43,30,24,24,8,25,29,28,28,32,19,23,30,23,41,30,35,20,26,19,17,22,15,24,31,29,26,20,14,23,25,25,33,16,27,16,15,10,19,26,25,15,19,15,21,29,26,30,19,16,20,13,18,12,18,25,31,24,23,13,30,26,39,28,28,14,14,11,29,9,17,18,28,27,41,30,26,16
16,8,19,29,23,28,29,11,26,31,19,24,9,12,31,13,10,18,9,8,11,30,24,26,24,111,231,186,288,288,259,215,215,192,211,159,159,137,179,179,221,226,226,226,167,127,54,44,25,31,24,22,29,14,25,22,31,20,16,29,14,17,20,21,21,8,25,15,25,18,15,22,26,28,19,11,24,30,24,26,11,15,15,22,28,25,30,22,26,6,18,21,17,24,14,20,22,34,26,28,19,34,23,25,33,28,34,25,21,18,27,32,24,10,16,15,10,20,20,18,16,18,24,20,13,12,24,9,12,25,23,31,30,26,29,20,17,28,11,31,12,27,27,28,23,13,18,21,12,17,19,4,10,21,17,10,13,20,32,27,12,14,30,29,19,21,31,15,31,7,16,22
22,28,28,16,14,17,32,26,30,29,4,24,25,5,30,21,12,30,17,5,30,14,26,21,26,38,34,43,38,28,33,16,24,44,30,50,98,193,241,241,241,351,260,260,289,263,263,263,314,250,250,245,240,297,297,268,238,121,103,57,45,52,35,40,37,16,21,14,19,33,38,44,41,33,27,27,29,24,29,14,23,31,30,37,43,45,30,38,31,18,26,19,10,16,24,27,15,26,22,35,33,34,22,31,30,30,32,22,21,25,29,31,14,12,20,20,14,8,17,15,27,27,31,27,21,18,22,19,26,8,11,22,12,21,15,31,19,19,19,34,34,31,25,24,18,19,13,18,17,30,18,30,20,30,21,16,31,32,29,21,12,22,17,1,32,22,20,18,22,25,29,20
20,13,22,23,8,23,27,21,9,15,14,26,19,23,21,21,17,8,23,19,19,19,12,7,37,39,55,71,128,207,297,261,247,348,292,302,259,288,267,284,268,269,268,231,307,230,266,209,149,74,64,38,12,20,14,26,11,16,20,10,29,29,29,28,21,25,11,18,15,9,19,25,31,18,18,27,17,18,27,20,25,38,30,30,14,12,15,29,30,15,22,7,23,22,15,15,23,6,18,16,24,16,23,7,10,30,22,17,6,21,32,27,8,13,13,27,20,13,3,23,25,4,18,26,27,15,13,27,23,17,16,16,29,7,15,0,15,15,25,17,24,14,23,14,15,20,16,16,10,16,14,20,17,14,26,22,27,17,21,31,32,25,8,29,9,17,21,25,24,21,19,28
19,22,19,29,18,14,28,17,21,19,8,9,16,10,20,87,90,125,241,241,219,222,295,295,263,232,232,237,267,224,224,265,244,244,210,148,148,51,19,12,21,14,22,15,37,36,21,13,19,15,11,19,21,28,27,35,18,16,25,32,15,31,14,17,14,22,21,24,24,17,32,26,15,23,30,14,29,17,22,13,20,21,12,26,22,17,28,35,25,21,23,25,16,11,21,12,26,28,28,13,27,20,23,17,26,39,11,22,18,21,22,31,27,43,23,9,28,33,28,22,13,8,14,6,6,17,16,16,15,26,17,26,20,23,21,30,17,7,21,18,14,22,26,3,31,34,13,23,28,15,24,26,20,27,25,21,30,27,17,23,27,17,33,19,8,16,21,37,24,26,45,36
36,20,17,14,22,17,13,12,29,11,27,15,21,31,15,28,39,104,124,124,124,211,265,149,122,92,133,133,237,267,267,244,256,256,256,235,227,227,132,76,42,25,34,31,19,22,25,21,11,30,29,32,22,31,10,21,24,31,22,36,32,22,18,22,35,27,21,23,28,17,23,20,12,11,27,21,10,12,20,17,12,17,20,30,28,39,27,30,27,25,21,31,24,15,23,31,16,29,25,9,10,16,19,12,21,18,11,16,21,30,6,18,21,13,20,26,31,16,12,22,18,17,25,10,26,25,10,26,24,19,19,9,17,30,9,19,9,22,7,20,15,28,29,22,26,18,12,30,20,30,31,21,31,12,27,16,13,21,17,22,9,31,40,35,27,23,27,18,15,28,17,26
26,29,16,17,11,16,28,28,6,29,26,3,11,26,8,26,29,18,27,25,58,159,223,253,259,306,248,293,241,317,256,261,282,250,293,239,267,244,234,211,137,95,58,27,16,13,34,21,31,22,24,27,19,20,33,27,18,15,22,17,24,17,24,30,12,19,19,17,14,6,23,15,26,11,10,10,8,27,29,11,21,14,8,0,9,15,8,20,28,31,21,23,15,14,28,27,24,10,28,11,20,20,23,23,0,11,17,28,27,22,15,25,30,6,12,5,31,10,7,17,23,14,14,10,24,17,27,23,18,5,12,11,13,23,10,30,18,17,20,30,14,5,10,3,30,27,9,2,22,20,16,24,24,10,30,20,21,8,34,9,25,7,15,16,20,28,10,20,17,31,10,12
42,19,31,15,25,26,6,8,30,7,18,29,21,25,3,17,20,27,31,28,18,15,73,73,73,244,293,293,328,223,223,257,234,249,249,261,255,255,255,274,258,258,227,219,219,58,45,20,14,22,12,18,14,26,15,27,30,19,16,8,9,27,25,25,25,22,31,24,15,18,17,24,21,20,31,16,14,13,6,22,8,14,20,17,29,15,31,19,17,27,26,16,31,23,16,31,30,14,35,22,31,26,19,11,10,29,17,27,25,24,38,14,26,20,18,19,9,16,26,17,14,6,16,21,23,15,12,31,17,19,4,16,26,18,23,28,23,8,12,22,3,5,23,25,23,14,21,15,25,12,15,11,16,14,20,7,10,13,12,6,14,29,22,31,30,25,20,16,23,17,7,23
9,27,27,29,31,8,24,15,34,21,29,20,28,14,16,25,9,17,22,14,32,55,64,126,271,256,197,251,219,325,305,264,316,296,251,305,252,246,280,247,227,136,62,38,11,21,23,30,19,28,8,30,4,6,14,12,18,27,9,32,32,20,29,32,26,29,27,21,32,21,36,14,19,33,38,26,16,29,27,11,18,12,24,19,15,7,15,30,15,23,29,10,22,29,0,29,40,12,23,14,15,16,12,26,16,30,19,30,15,21,24,15,14,19,2,10,1,30,18,18,26,28,11,15,28,14,8,28,21,15,17,24,29,5,20,19,6,13,12,25,6,23,22,26,23,23,15,3,25,31,28,18,19,11,0,21,24,6,18,24,31,28,24,25,29,28,7,12,13,13,15,9
15,19,6,12,11,4,26,31,21,17,16,23,13,23,23,29,6,25,31,58,58,96,130,130,233,231,293,293,260,202,202,202,307,235,266,243,239,239,224,240,174,174,57,41,18,14,17,20,18,27,29,28,29,31,17,25,21,19,13,30,27,29,30,27,18,20,30,18,25,32,28,25,33,22,13,24,27,25,37,21,17,16,27,27,10,13,15,31,20,26,18,24,25,12,25,31,19,25,26,13,20,28,14,9,31,21,7,29,26,21,6,11,9,25,9,27,18,21,20,17,6,28,15,15,23,31,24,31,30,8,24,10,23,30,15,15,25,11,20,24,1,19,12,27,0,9,5,14,5,17,5,26,31,19,8,12,8,22,29,27,25,25,13,27,10,30,11,27,20,15,4,2
2,15,26,23,21,18,8,3,22,17,10,12,13,4,20,18,20,11,7,0,28,23,17,26,19,14,15,9,25,27,12,28,8,21,3,25,24,22,13,19,13,18,17,15,35,13,31,23,24,22,0,4,34,30,56,137,126,237,314,335,357,364,282,344,253,280,258,270,303,256,272,245,232,272,219,257,173,110,55,35,27,30,27,15,27,24,12,15,24,16,2,7,25,18,16,21,20,29,27,31,16,16,13,7,12,29,21,14,9,22,19,0,26,14,21,9,15,11,23,3,18,5,18,12,27,17,15,21,24,9,5,28,24,18,22,13,20,18,25,19,9,12,17,23,16,31,13,23,26,22,15,30,12,27,17,25,23,18,27,22,15,20,22,17,31,10,13,13,7,12,15,18
18,19,24,9,11,15,5,25,16,20,21,15,19,30,26,26,15,13,13,25,12,14,14,14,23,29,29,41,59,78,139,294,321,346,386,366,355,271,305,333,336,276,335,310,253,317,239,248,257,220,191,88,52,33,16,31,23,19,28,23,25,30,23,18,19,7,18,23,13,27,16,17,24,31,34,8,17,21,34,29,29,30,26,12,24,18,29,27,10,18,29,25,21,38,8,13,29,23,25,16,17,7,10,31,30,29,16,13,30,16,32,25,6,20,13,13,21,27,21,10,23,23,15,25,21,24,23,10,8,31,18,2,3,13,14,13,11,39,11,19,26,1,25,13,11,25,16,27,15,19,23,27,9,12,3,28,25,15,19,10,14,32,3,0,10,20,27,13,14,19,27,26
26,21,26,25,26,28,27,25,20,27,19,29,25,28,16,26,22,29,55,59,129,237,278,323,436,416,422,412,292,324,331,313,337,268,228,181,183,224,219,239,187,143,73,39,36,29,20,13,29,26,18,18,16,24,30,26,10,13,18,21,20,24,22,18,23,16,16,29,15,18,17,19,14,10,30,16,24,10,30,6,28,26,10,21,15,30,27,19,14,21,24,7,19,11,27,6,31,15,31,20,8,16,12,27,31,18,14,17,5,8,31,12,13,28,30,28,21,16,17,20,21,15,12,11,6,28,31,12,12,5,11,11,21,26,5,22,29,14,17,25,6,12,28,12,5,20,15,16,26,23,11,13,26,17,28,13,20,15,6,23,15,17,17,19,28,0,26,27,22,29,11,3
8,17,25,13,32,101,118,237,208,270,265,332,377,274,358,304,331,327,241,299,268,271,285,234,238,130,76,39,17,14,20,17,18,22,24,16,28,16,11,17,9,26,31,10,15,18,28,30,26,17,14,32,16,8,22,26,23,30,10,27,31,31,21,15,8,20,31,8,14,20,26,19,31,9,20,31,27,15,25,14,24,10,18,29,27,24,30,14,14,18,15,12,7,29,26,26,7,23,26,14,2,27,17,18,18,12,20,12,19,18,29,15,13,10,23,20,26,27,15,18,20,31,18,18,13,10,12,26,21,11,27,13,20,25,14,22,22,19,27,31,20,28,26,20,15,24,31,18,20,33,20,21,29,26,13,14,26,22,30,10,17,6,6,11,2,13,20,26,18,14,18,18
21,21,24,29,25,19,10,23,15,28,10,2,30,28,43,73,109,237,198,224,273,218,290,193,311,253,321,251,266,194,214,163,257,184,204,121,100,42,29,15,13,11,2,7,12,26,16,10,14,25,33,19,25,24,26,26,14,32,9,16,22,12,23,20,25,12,9,21,20,28,32,32,27,26,40,21,18,18,15,31,16,10,24,15,29,26,33,19,28,24,10,30,5,25,19,29,22,8,30,30,27,21,25,16,22,25,39,27,23,26,24,35,36,49,45,41,47,26,15,22,25,10,33,39,19,20,32,10,21,20,17,14,8,13,0,13,13,21,19,19,11,12,16,18,13,22,7,18,16,22,13,19,21,16,11,28,29,26,24,18,20,16,26,31,26,16,8,9,12,5,4,15
30,16,22,27,17,22,7,26,29,10,1,4,25,27,19,0,33,19,19,31,32,21,64,93,157,192,251,316,252,273,207,265,221,269,196,238,189,201,149,181,177,174,117,111,37,33,19,23,18,25,22,6,22,21,32,25,11,16,27,29,29,27,17,15,23,20,17,20,20,15,18,13,18,21,23,21,20,20,27,3,10,11,25,14,28,12,0,16,16,8,10,12,27,5,22,28,23,28,17,22,16,31,17,22,5,15,28,22,26,18,25,17,11,4,29,10,26,30,29,22,18,16,8,20,23,28,24,8,20,14,22,14,23,6,15,31,11,30,19,27,17,10,9,26,21,19,14,20,25,31,13,22,21,15,16,22,31,18,29,1,10,2,16,28,13,18,12,19,30,37,36,20
18,11,24,21,20,23,6,2,11,25,26,12,29,25,4,28,29,16,30,14,26,17,10,8,10,20,14,28,37,68,68,148,125,125,324,369,369,369,237,283,283,243,278,278,278,194,258,258,255,194,187,95,57,27,17,16,12,22,31,25,11,14,25,27,5,29,16,17,23,24,33,25,10,11,27,13,21,30,20,9,6,17,13,21,28,10,17,10,10,23,27,21,22,27,24,24,31,22,11,15,15,16,10,18,31,26,14,16,14,13,30,14,13,30,25,10,24,22,19,31,7,21,18,18,21,8,28,19,19,17,29,13,12,17,20,12,20,26,12,21,28,15,25,13,19,20,15,19,18,18,19,8,14,21,16,7,2,21,26,12,4,19,4,22,12,29,10,4,0,4,24,11
23,35,19,30,34,16,20,14,13,21,22,14,5,25,8,22,10,21,30,22,7,14,27,21,9,19,13,11,27,27,15,22,13,4,30,23,19,12,31,20,24,21,26,31,16,26,74,119,261,320,353,322,357,425,385,267,286,267,295,276,233,251,238,276,236,228,200,123,73,52,32,28,21,25,8,23,21,19,8,18,21,23,21,14,10,5,14,12,19,10,24,26,18,17,17,28,27,31,19,29,18,30,29,29,25,33,12,12,24,23,10,25,29,31,18,17,20,14,30,37,30,38,33,29,25,37,48,27,21,17,28,15,14,20,16,24,38,17,26,29,31,35,16,21,17,14,23,28,28,20,20,23,10,15,23,6,16,8,8,10,12,12,19,20,17,8,19,26,24,31,23,14
12,6,16,27,21,21,20,9,35,24,17,18,10,20,21,22,18,21,20,30,25,21,20,22,27,21,23,26,23,22,23,30,14,13,26,28,16,14,18,33,17,30,25,56,63,127,147,249,267,376,294,376,304,316,360,261,346,302,248,335,314,286,303,256,231,96,58,42,31,23,11,28,25,6,29,14,28,14,20,29,30,16,9,38,27,25,10,12,30,14,21,27,30,25,21,19,19,22,12,6,30,17,8,25,29,16,27,23,23,21,30,22,30,26,20,22,29,15,30,10,13,16,31,17,30,26,17,15,14,12,24,20,11,28,12,25,10,16,25,18,23,28,13,20,18,17,27,12,22,13,28,5,2,9,16,28,26,21,39,24,21,22,16,20,13,14,21,7,21,19,14,26
26,16,25,22,28,10,21,21,24,18,17,28,11,14,14,30,20,12,6,8,31,16,26,22,16,26,15,14,28,12,29,14,27,22,17,11,21,18,24,27,38,51,101,174,208,294,331,416,506,453,381,417,368,331,343,308,218,250,263,294,315,247,277,211,179,90,59,25,11,22,4,17,13,28,21,6,25,12,24,14,23,7,23,30,23,29,24,23,27,23,24,31,9,15,24,15,27,23,20,15,27,23,8,31,15,18,16,25,22,24,25,18,28,31,21,20,10,15,7,27,6,31,33,22,6,13,14,24,16,30,22,21,26,20,29,28,18,23,21,19,21,13,13,7,14,25,25,28,25,21,31,23,26,21,28,20,25,26,21,29,27,21,22,22,23,31,18,19,18,20,13,22
22,13,24,21,9,18,29,18,4,18,31,6,31,25,25,17,18,19,5,15,25,25,17,29,26,20,20,19,10,15,27,12,20,31,45,62,124,181,276,272,259,346,297,263,268,272,261,244,271,233,281,274,231,231,162,117,55,17,27,23,26,22,23,27,27,27,23,10,31,16,19,21,25,15,30,23,29,29,30,20,27,26,22,30,30,9,17,22,20,32,26,23,17,18,20,22,15,16,18,16,6,17,10,11,27,27,23,29,31,25,25,36,13,2,29,12,15,29,14,26,15,29,19,18,31,16,20,33,17,19,19,2,23,18,29,20,9,28,26,28,23,24,25,41,37,24,33,19,35,12,20,15,17,8,13,28,27,23,17,30,15,9,16,24,17,12,14,18,24,14,35,9
22,14,31,27,31,12,30,34,21,22,10,25,32,25,17,6,26,20,10,25,20,12,20,14,31,26,24,26,12,1,4,9,4,31,2,5,16,6,51,46,101,151,249,277,298,326,340,351,299,277,319,278,283,302,270,280,300,255,262,180,78,40,27,8,4,13,13,9,3,8,0,0,24,13,22,20,23,18,26,35,8,10,20,11,29,10,13,12,18,26,20,19,30,23,32,13,5,16,17,29,26,21,24,20,12,13,22,27,22,30,18,29,20,10,16,31,32,18,30,27,21,10,13,5,5,9,1,14,31,3,8,1,19,24,24,11,18,22,15,14,11,12,27,9,3,31,0,28,21,21,15,7,26,0,16,17,22,13,11,24,25,16,21,22,16,23,26,20,13,30,19,25
25,26,25,17,12,32,22,16,17,15,29,15,29,32,19,13,26,24,21,31,29,13,31,12,22,20,31,10,27,20,24,15,52,90,148,148,276,339,344,344,365,309,309,321,306,268,268,220,246,246,236,271,271,271,68,51,13,34,27,10,32,32,14,22,12,21,19,27,22,28,22,19,20,19,32,24,20,20,24,26,30,26,22,15,37,26,23,25,18,17,31,23,13,23,21,19,25,20,16,20,28,6,24,8,27,23,14,23,19,2,21,23,7,15,21,20,36,12,29,27,16,27,11,24,21,26,15,27,33,20,25,25,11,26,12,24,17,29,17,31,14,21,22,10,24,11,28,24,35,28,16,19,24,17,25,29,25,31,4,18,21,26,23,28,25,31,20,10,30,19,0,12
15,19,27,10,24,20,30,24,11,31,0,20,8,29,16,25,28,25,16,24,19,17,12,13,16,26,22,29,0,19,10,18,23,16,25,10,21,24,40,59,108,114,114,114,344,325,325,385,381,381,381,321,304,304,327,248,248,248,254,238,156,128,44,31,16,21,16,26,14,22,16,24,27,18,14,16,32,27,18,16,15,20,13,28,22,23,21,25,23,26,30,40,22,21,25,30,20,20,20,16,24,12,32,21,23,21,23,24,22,26,25,25,22,22,22,25,28,24,27,18,29,20,31,13,23,18,31,21,21,25,24,15,26,20,17,26,16,27,9,5,21,30,13,9,22,21,9,20,19,15,28,18,20,22,18,23,17,28,22,21,15,19,25,17,9,23,22,6,4,19,25,30
28,18,26,22,36,56,56,109,109,254,349,349,349,353,291,291,328,213,213,213,261,258,258,253,188,188,188,76,33,22,25,18,13,13,33,19,19,29,12,40,27,29,27,22,33,20,21,24,18,14,30,15,16,15,14,17,16,30,12,26,19,5,9,26,6,22,4,18,27,21,12,23,14,6,23,12,8,16,15,21,20,13,21,22,10,24,10,30,19,17,36,36,35,34,36,32,44,22,21,27,31,33,20,31,40,16,16,25,14,34,32,40,17,29,31,46,36,40,22,9,28,33,45,37,30,42,46,42,43,35,34,33,25,19,21,44,34,25,26,36,33,36,35,16,20,12,22,12,26,30,25,26,30,25,12,29,14,22,20,28,28,24,24,21,13,26,20,28,10,22,25,12
17,0,26,10,5,29,21,31,14,1,5,17,12,11,27,28,12,17,33,38,108,144,144,319,421,410,410,355,386,386,266,280,251,256,291,243,243,295,202,202,202,57,45,22,11,15,16,8,21,13,7,31,39,17,29,25,31,30,28,13,28,23,20,13,20,20,20,21,13,13,18,16,21,20,16,8,18,16,20,31,12,19,20,21,21,30,19,27,25,22,26,22,29,14,21,27,17,29,27,29,21,16,19,8,14,10,5,16,25,30,11,15,21,29,20,26,26,26,15,8,30,24,21,20,12,30,15,22,21,16,17,21,31,27,15,14,12,30,7,17,6,6,22,8,24,28,12,15,29,13,20,34,22,26,27,30,29,27,33,24,24,40,36,12,20,33,15,11,7,22,23,12
12,24,22,30,20,7,30,18,5,24,28,6,15,30,25,21,27,2,25,26,26,16,25,29,36,79,79,273,307,307,307,237,307,307,282,242,222,222,193,183,183,230,187,218,218,170,141,90,66,17,18,9,29,26,13,25,23,33,19,21,15,11,21,16,19,19,28,25,27,24,15,21,25,21,11,18,20,11,29,22,11,29,11,13,19,25,21,21,23,32,7,14,25,11,27,23,26,23,23,2,12,23,17,28,20,21,12,22,9,18,10,20,19,23,21,24,27,13,24,27,15,23,12,10,30,20,8,31,17,20,11,6,31,25,9,21,29,26,20,15,9,19,8,26,16,22,12,20,19,18,20,24,31,12,11,12,16,19,16,24,24,26,19,33,12,20,22,29,24,17,11,22
17,29,10,22,10,18,17,12,9,14,28,17,28,6,15,5,7,28,28,8,28,0,21,12,25,26,21,32,56,60,60,164,271,271,448,479,392,392,356,292,292,294,260,306,271,256,259,259,256,154,154,47,31,22,30,31,14,15,17,14,18,16,18,17,23,10,27,11,17,28,23,21,13,13,30,27,27,18,21,12,18,23,25,37,10,23,11,11,16,12,19,5,23,16,19,4,26,19,25,26,31,2,29,18,16,19,7,11,17,31,25,22,13,19,10,5,12,25,29,14,31,27,33,18,26,22,13,22,9,10,12,30,10,9,24,15,17,15,17,22,38,21,20,26,27,12,6,25,23,24,28,4,28,12,18,15,16,20,14,30,2,5,26,15,14,8,21,18,27,17,22,19
19,29,32,36,27,24,20,23,17,22,30,36,31,15,10,10,18,28,25,21,26,30,10,16,24,21,31,45,48,89,102,107,232,237,358,336,339,346,280,334,261,257,265,257,292,254,276,204,305,164,171,67,37,28,31,32,23,27,34,20,21,35,24,20,25,20,13,21,21,31,16,21,30,19,28,23,27,23,31,25,20,6,15,22,10,10,29,19,6,13,25,24,14,25,27,20,17,13,15,6,21,30,22,35,37,25,33,26,30,38,28,28,29,37,28,32,23,29,35,29,27,34,22,13,20,21,23,17,28,20,23,24,24,9,28,29,27,15,16,26,17,21,7,29,24,13,26,33,9,19,29,23,14,30,30,15,27,18,8,17,11,31,18,14,8,16,17,16,12,31,25,4
4,3,11,24,10,18,25,26,26,29,13,12,4,27,15,31,26,24,29,55,75,80,166,280,215,321,379,449,472,380,293,366,272,322,291,284,301,264,293,249,275,197,172,69,47,19,31,22,31,25,25,6,27,18,11,20,17,16,35,18,39,21,16,15,25,21,30,24,10,31,29,29,35,7,29,24,28,31,9,10,29,23,8,23,18,27,9,13,13,7,9,7,28,16,22,29,29,23,9,25,13,7,18,23,11,9,25,15,26,21,31,19,14,26,23,31,26,13,12,5,30,27,24,14,31,15,31,9,31,21,20,22,26,34,19,19,30,20,15,17,24,29,47,47,29,26,15,10,31,22,31,32,46,33,30,31,11,33,35,37,30,24,23,28,34,16,35,34,21,18,20,31
31,52,42,32,23,29,15,17,29,52,118,153,292,345,347,445,327,404,396,373,418,355,332,365,252,313,235,246,293,272,232,169,103,47,24,11,25,19,20,23,21,19,26,26,25,31,22,26,30,8,15,27,20,16,13,23,18,25,31,25,10,17,7,19,22,22,27,25,4,29,24,29,30,22,11,14,19,7,24,26,26,23,27,24,24,21,10,26,33,38,41,26,23,25,21,38,25,31,33,40,35,23,20,33,30,27,38,44,28,30,43,36,38,40,18,21,24,25,31,26,21,30,13,32,24,32,18,31,33,14,16,15,15,27,26,19,20,13,39,22,30,17,21,22,24,23,33,30,20,22,24,17,16,26,14,15,20,25,25,13,16,12,21,23,15,23,32,19,19,13,28,17
17,7,19,20,20,19,17,26,21,20,22,34,29,13,17,21,33,10,32,6,39,54,158,165,165,318,344,344,344,351,338,338,304,328,328,328,284,275,275,250,263,263,119,50,46,29,27,20,22,13,29,14,17,28,11,16,29,27,21,17,23,34,16,31,20,28,4,33,11,33,18,26,20,13,13,11,28,11,30,20,25,26,21,31,18,32,31,24,23,19,37,34,24,9,12,12,23,15,24,8,27,11,18,33,20,22,17,7,15,26,27,22,2,20,28,25,12,22,12,17,10,16,15,14,15,21,11,25,14,32,14,28,22,35,19,10,26,18,14,19,6,13,30,19,11,14,28,13,15,10,14,13,24,24,15,15,10,14,12,13,21,20,16,26,17,30,20,11,30,24,24,11
