34,36,40,33,21,28,32,32,30,24,28,11,24,27,26,28,28,20,24,26,28,23,15,15,15,16,26,21,13,30,31,20,24,21,25,11,15,26,41,31,31,14,14,17,17,31,24,21,31,15,17,16,26,20,25,33,20,75,145,145,159,122,122,172,173,167,161,183,180,180,69,45,25,15,26,28,25,42,73,73,123,92,94,94,77,64,45,44,33,36,7,17,4,24,19,28,20,30,11,23,24,29,20,26,26,10,12,16,23,14,30,19,13,17,26,6,21,13,16,13,8,13,22,31,31,14,9,29,14,25,25,27,25,33,28,19,22,8,30,26,24,21,16,5,26,18,12,14,16,15,7,26,28,13,35,30,25,18,23,32,38,20,23,18,18,16,15,31,8,20,16,8
8,45,36,23,21,25,31,30,33,25,31,13,32,31,22,16,29,32,12,30,20,39,23,30,25,27,36,37,37,35,37,25,24,38,23,21,24,26,21,22,29,27,29,36,38,23,23,31,29,26,100,155,155,176,194,194,194,166,190,190,167,145,145,54,41,25,22,43,31,16,50,68,96,87,83,90,90,90,56,55,55,65,39,18,18,20,16,22,23,34,4,22,11,20,24,5,20,32,22,31,15,20,13,13,28,20,26,21,25,27,4,17,26,14,10,23,4,31,16,10,16,15,11,31,10,21,27,24,15,25,5,18,27,24,6,23,28,9,8,24,22,8,14,25,16,11,20,9,30,30,20,12,13,10,5,13,22,24,18,10,13,23,23,19,30,18,25,34,26,27,11,17
17,42,45,30,37,34,32,34,30,24,39,24,30,19,30,27,30,34,26,28,16,17,26,33,37,32,37,29,22,31,29,23,24,17,35,33,20,17,17,26,19,21,25,18,15,60,109,110,161,146,137,154,136,122,146,153,99,110,31,24,16,23,24,27,27,11,53,87,92,86,99,74,73,68,51,37,38,38,32,19,26,22,31,34,22,20,29,14,29,23,38,26,25,21,1,8,24,6,27,16,21,23,20,21,14,31,17,30,29,16,9,0,3,22,7,3,18,13,10,14,12,24,19,4,15,3,19,34,21,14,25,24,24,15,18,28,30,23,15,19,12,9,29,14,13,17,11,23,27,27,20,35,31,23,22,20,21,27,30,36,27,11,18,26,27,28,8,15,23,14,28,25
13,55,63,37,47,46,91,59,41,18,74,29,56,40,34,36,45,48,48,72,33,16,41,26,43,31,38,21,29,41,30,33,19,27,26,22,34,14,16,30,30,24,37,21,31,54,93,116,137,130,111,159,169,148,133,145,127,55,19,13,15,29,24,19,31,44,75,67,78,72,66,53,37,46,36,38,41,25,20,17,26,4,10,15,29,23,31,17,18,36,31,14,19,25,19,16,33,31,30,22,24,38,26,29,24,12,7,28,24,16,17,28,30,24,28,32,29,18,25,20,19,21,10,23,25,23,16,14,28,29,15,20,28,18,29,32,21,27,24,32,24,27,34,23,30,26,19,32,31,24,25,22,27,36,32,27,21,16,21,33,23,24,14,26,21,17,19,17,29,31,18,20
29,47,47,38,36,36,31,28,28,25,41,22,25,24,14,16,21,30,38,36,36,30,20,32,22,33,34,35,28,34,29,26,41,41,24,26,16,25,17,21,24,29,31,31,31,17,17,5,21,9,21,22,22,17,25,17,29,27,27,27,18,23,11,20,40,114,127,128,146,163,132,149,167,143,166,151,70,26,34,30,29,34,28,47,78,83,100,81,86,76,62,52,53,45,45,32,29,24,26,24,43,32,29,27,18,18,29,13,18,15,33,27,10,24,19,22,17,20,30,24,18,35,22,14,24,13,15,22,7,10,16,8,23,22,26,16,18,8,29,24,29,23,18,24,30,24,17,27,9,12,28,6,22,33,39,29,15,29,24,24,23,11,15,29,17,20,25,30,27,33,22,11
6,31,37,43,24,33,45,11,29,28,24,22,24,27,35,32,29,26,16,28,13,31,14,27,27,30,19,5,14,22,33,24,23,22,23,22,13,21,18,31,21,17,0,31,12,21,15,8,26,25,29,18,28,22,81,114,102,102,151,153,134,134,178,153,153,135,47,18,20,26,5,19,29,28,37,76,76,76,69,61,57,39,52,44,25,42,15,23,15,27,6,27,16,22,17,9,20,18,16,15,23,12,27,20,24,30,27,10,24,14,32,13,21,18,23,19,13,20,21,12,21,27,29,16,22,21,12,19,17,21,20,23,30,19,8,25,15,9,13,14,16,21,29,9,18,12,14,10,13,31,26,20,10,9,22,16,18,17,29,13,28,17,18,22,10,14,22,21,19,16,16,15
15,30,22,29,37,31,16,29,30,27,22,29,22,31,38,33,18,15,26,22,28,21,16,18,13,18,28,34,21,12,9,17,19,20,28,11,29,18,13,19,13,14,17,18,31,27,17,16,27,22,19,19,23,22,11,33,27,28,25,29,16,33,12,24,25,19,31,30,100,112,103,132,144,162,186,189,170,146,135,102,49,26,23,27,25,28,78,95,108,97,106,87,89,64,74,58,63,46,42,20,21,17,8,18,11,14,12,9,19,24,20,17,14,11,18,17,10,10,10,23,13,9,14,18,24,30,20,13,25,21,22,16,20,17,20,26,33,22,24,21,19,23,8,3,14,2,0,19,19,19,27,19,14,12,21,31,12,29,12,10,27,15,21,38,16,11,5,12,3,24,8,26
7,35,40,32,24,24,41,30,24,24,15,21,27,27,25,30,35,46,21,25,33,33,35,32,31,34,24,33,38,23,20,27,20,26,20,25,20,19,29,25,31,24,31,34,36,25,23,108,148,164,164,178,197,197,197,179,194,194,131,60,29,17,22,17,19,18,17,38,61,89,77,89,58,71,45,52,46,50,40,25,10,16,16,0,9,27,25,17,20,10,21,8,17,21,25,18,13,27,13,5,6,16,29,21,26,16,25,5,8,15,21,28,13,24,13,10,31,12,23,21,28,28,6,8,20,10,29,11,18,12,18,13,21,13,15,28,31,20,13,18,8,27,17,31,28,33,14,33,14,25,7,19,25,7,16,28,22,10,17,31,10,11,11,29,30,28,18,25,29,23,15,26
4,34,36,27,33,32,19,24,23,26,28,22,28,21,17,19,18,25,18,16,30,23,15,27,23,8,22,30,12,24,28,37,28,21,33,33,26,15,15,17,20,25,25,20,27,20,8,3,28,24,15,9,5,10,29,8,21,9,17,14,23,13,16,28,29,15,13,26,28,11,16,27,15,10,17,31,18,31,16,18,28,64,117,150,168,121,183,171,159,160,183,147,88,32,31,33,20,26,30,16,40,83,86,85,96,74,86,79,45,46,36,34,30,34,20,29,7,21,16,31,26,24,18,19,28,25,24,14,12,5,16,13,17,27,22,12,9,12,29,11,16,20,31,29,27,28,21,16,10,31,20,16,20,15,11,6,13,11,31,24,28,8,12,10,2,18,27,27,8,13,31,21
16,40,37,36,49,47,25,26,29,38,12,8,30,24,20,33,21,31,22,17,23,30,37,43,19,26,16,25,23,20,24,19,19,25,22,27,27,25,25,25,27,24,9,35,18,13,24,26,20,18,20,15,0,11,32,22,31,16,23,15,32,97,132,116,163,127,171,148,141,158,188,140,100,51,29,22,7,21,23,3,22,59,72,94,100,84,74,76,54,56,44,50,31,26,13,13,33,25,31,11,26,11,20,23,17,13,12,21,18,27,21,21,29,18,29,25,19,6,21,27,17,27,24,7,14,19,14,12,10,6,28,3,25,25,16,13,28,11,28,20,13,25,25,14,24,3,22,24,24,30,27,30,10,13,7,8,24,23,7,24,8,24,6,2,19,25,8,11,16,12,9,11
11,38,42,41,15,23,20,32,27,31,29,23,22,34,28,30,41,24,44,35,44,36,40,46,28,35,32,26,43,29,41,51,39,40,38,33,37,29,26,19,4,10,32,27,51,56,57,51,40,46,43,50,112,139,131,161,172,161,162,190,173,158,177,139,66,27,19,29,11,18,6,22,53,68,97,102,97,83,73,48,50,55,37,49,39,24,14,28,30,23,39,17,8,31,21,8,20,29,27,15,27,23,9,15,16,19,22,17,30,20,23,6,10,20,17,31,12,17,19,3,14,6,18,19,4,31,23,31,31,23,26,27,30,20,20,15,9,18,18,23,21,23,5,25,31,13,30,27,29,26,21,24,27,26,28,33,17,16,26,22,26,23,15,16,30,42,75,87,74,57,37,33
33,42,41,34,42,45,42,40,50,37,47,36,51,16,14,39,31,33,19,19,25,28,14,20,9,34,12,20,23,19,30,16,20,17,27,19,28,30,19,18,26,24,23,11,14,10,17,16,30,27,31,14,26,25,30,31,16,15,63,112,133,127,176,164,153,128,159,172,139,124,91,32,31,11,26,24,24,17,33,52,79,87,86,60,59,68,49,47,44,43,40,25,18,15,25,12,19,16,31,18,15,12,22,22,18,7,18,8,14,14,20,21,24,26,1,24,17,24,30,29,30,25,16,15,24,21,15,5,19,12,10,18,34,18,30,16,9,22,31,9,25,24,27,5,11,26,3,17,18,15,28,18,29,0,20,28,13,26,14,24,31,6,11,24,16,19,24,11,24,13,8,30
25,26,37,30,35,30,33,45,42,20,37,26,23,22,30,31,29,23,31,30,22,13,14,19,35,21,19,31,36,21,21,25,28,11,9,11,23,10,24,33,6,29,20,6,15,8,13,20,19,30,7,11,17,23,11,19,28,18,6,25,24,30,17,32,21,22,39,114,142,133,133,161,157,152,152,177,152,140,110,35,28,25,9,18,18,13,44,65,84,79,80,65,70,48,47,46,47,28,38,34,52,25,26,16,28,26,21,29,33,38,53,61,50,49,31,35,30,30,16,18,41,78,75,67,69,64,59,45,32,32,30,25,56,36,67,102,102,127,78,35,38,32,35,34,35,81,81,81,34,29,22,25,14,20,20,5,31,25,28,18,27,20,11,21,28,24,11,24,31,26,20,24
24,37,46,30,28,33,26,49,43,26,49,49,34,26,23,20,13,12,20,33,28,26,35,33,22,29,23,22,25,16,27,7,28,24,17,15,18,38,90,90,83,92,92,157,150,139,139,166,132,106,56,23,19,25,10,13,73,97,95,122,127,101,82,68,49,61,36,33,35,23,31,12,17,21,24,25,26,20,10,23,21,29,11,29,16,19,21,28,19,26,32,32,19,25,15,18,20,21,31,17,17,23,29,30,20,30,17,20,15,12,19,15,11,16,14,28,7,23,27,20,14,28,19,30,31,15,31,8,31,12,18,12,2,15,29,3,21,4,13,0,29,29,14,19,12,8,14,7,21,27,27,24,23,19,16,31,6,31,13,4,15,6,2,15,9,28,5,10,6,10,22,30
30,25,12,18,34,24,32,29,44,28,28,48,34,22,33,18,22,35,33,26,27,15,9,12,29,24,28,23,10,22,31,12,22,17,18,17,20,64,29,14,19,17,106,119,135,160,166,158,137,147,151,123,83,57,29,16,20,21,18,14,13,32,65,80,103,83,60,66,50,60,54,53,37,19,52,45,29,38,28,32,28,16,17,31,18,10,21,20,15,21,19,16,10,23,24,23,18,22,30,27,21,30,14,20,21,7,11,28,13,14,20,17,28,11,21,31,12,26,31,22,30,27,21,23,21,10,14,17,27,23,19,9,16,16,30,14,0,31,18,32,28,21,21,39,15,15,15,21,24,26,20,2,15,22,19,17,30,24,12,6,28,31,34,14,19,21,40,31,20,12,7,11
12,27,44,30,27,44,21,38,39,29,24,24,36,37,39,28,32,30,31,29,39,30,27,22,19,30,28,18,9,25,26,10,11,25,31,13,11,24,29,10,14,25,14,26,20,22,24,11,19,26,29,29,23,17,19,18,24,21,29,11,21,14,20,11,17,25,20,20,30,17,31,39,110,150,174,187,163,168,175,180,184,150,89,34,18,31,27,27,27,22,39,81,85,93,89,90,70,73,69,65,60,42,61,47,44,43,27,30,16,26,3,25,25,33,8,18,20,25,9,26,14,19,25,20,29,20,30,32,16,16,32,28,26,16,31,16,27,14,15,22,5,26,13,7,16,10,15,28,16,1,24,30,19,24,14,14,24,8,1,14,17,27,25,26,12,5,16,19,22,20,16,23
23,33,29,42,54,47,46,35,30,24,23,14,24,26,27,43,21,19,29,25,15,15,18,23,14,22,10,24,14,10,42,25,16,16,18,30,21,23,18,21,103,115,115,115,142,129,129,138,143,143,143,54,21,11,16,12,16,13,64,102,115,113,119,119,72,96,58,76,64,44,31,28,17,25,21,6,19,27,28,21,18,23,28,18,10,30,31,4,13,23,16,4,10,15,17,8,8,7,23,23,30,7,30,12,7,8,8,29,18,7,7,26,12,31,30,11,29,23,15,30,20,4,16,22,19,16,14,10,20,23,18,21,23,14,18,21,8,29,17,26,19,17,7,12,21,20,23,18,24,26,15,21,24,28,12,26,27,7,25,22,28,25,20,20,12,10,23,26,11,20,12,10
10,31,15,20,28,35,37,34,43,36,29,37,34,25,29,32,22,15,16,18,21,19,22,10,22,16,14,17,21,11,9,12,13,22,29,22,30,16,27,19,26,20,22,25,27,25,22,20,25,19,25,68,86,105,119,108,123,120,129,133,121,82,28,18,20,22,20,31,26,57,71,88,106,86,63,64,53,54,28,24,28,27,14,11,22,25,22,26,9,14,29,14,13,21,4,27,18,20,22,19,26,29,15,28,9,27,24,19,17,11,31,6,32,28,23,28,23,32,18,27,13,27,26,29,26,11,27,28,29,18,25,28,9,26,8,16,18,23,5,27,23,22,11,12,5,27,19,27,30,29,15,5,21,17,31,18,21,28,22,23,28,19,24,14,27,30,27,27,23,13,31,29
29,18,27,26,18,14,12,22,26,21,18,26,26,17,28,28,27,12,5,13,15,19,30,14,26,17,19,32,20,17,15,9,17,19,21,18,9,13,9,27,16,23,13,21,29,6,31,2,11,10,29,11,34,20,29,29,12,58,109,123,130,164,144,119,147,144,123,146,115,54,29,13,33,28,18,20,27,52,60,67,59,50,52,51,45,45,42,34,22,18,10,18,30,13,7,30,18,34,30,15,25,31,27,13,31,10,21,30,14,15,13,8,16,30,9,14,28,4,9,25,22,26,17,19,25,8,5,8,26,13,17,28,20,13,18,0,11,13,22,13,12,11,27,13,22,15,9,29,28,30,16,8,12,21,32,28,20,26,19,30,19,30,27,18,19,18,17,29,25,18,9,30
34,15,34,30,20,24,29,35,29,31,20,16,30,34,34,34,26,21,23,37,58,43,31,28,30,33,32,34,36,39,41,30,34,61,9,27,25,30,40,42,58,67,56,41,39,73,100,117,117,111,134,134,123,181,181,181,122,43,32,34,40,29,35,31,85,101,100,87,87,87,73,60,58,39,54,30,33,23,27,32,42,29,30,33,40,38,32,25,17,22,26,11,27,27,23,29,12,37,27,26,14,18,33,29,19,34,26,27,35,12,24,35,24,38,52,38,39,33,43,31,24,31,22,26,31,24,23,35,25,23,27,24,29,28,37,28,38,24,25,28,39,39,19,29,14,8,22,38,17,18,34,26,49,28,33,28,14,10,30,13,31,14,20,21,9,14,15,29,25,15,11,30
30,29,24,31,16,21,30,30,22,38,24,27,20,28,35,21,22,26,23,19,12,23,4,24,16,4,28,22,13,17,30,15,23,9,31,21,24,21,31,17,19,55,75,113,111,111,110,131,131,106,140,140,118,66,27,26,24,29,31,26,50,92,92,80,80,85,72,56,55,57,35,38,41,33,28,27,26,18,26,33,16,14,17,31,27,16,31,27,12,21,25,28,33,12,15,25,20,15,31,6,18,6,12,16,19,29,14,24,10,6,29,29,7,23,26,18,16,20,20,7,13,19,28,21,6,15,31,20,28,18,20,7,20,19,15,7,6,28,18,28,14,22,21,7,27,9,22,8,30,19,17,25,29,13,11,21,18,12,6,29,8,23,18,15,22,30,26,19,11,14,4,20
20,27,33,26,19,12,24,21,19,33,25,33,27,23,22,29,23,20,23,21,22,28,21,28,16,20,11,16,15,29,22,20,14,25,28,18,23,26,23,25,19,33,19,26,31,20,49,111,85,121,127,120,155,141,114,137,139,126,104,30,21,19,16,16,26,24,28,61,70,70,68,66,39,55,36,37,36,28,30,16,8,14,26,11,8,30,16,24,18,23,15,4,27,22,20,23,26,14,27,15,11,22,23,22,30,26,28,12,12,10,10,9,17,27,24,13,13,2,8,17,11,29,20,15,5,27,8,11,25,14,14,15,11,10,11,5,16,13,8,28,12,7,27,12,19,4,23,12,11,6,17,31,29,28,31,12,30,31,29,17,11,19,29,14,20,13,16,11,26,16,30,9
9,32,20,27,29,25,15,23,14,26,26,15,14,23,25,22,23,11,19,15,27,25,10,16,16,23,7,3,22,20,25,6,30,21,14,14,26,25,65,88,94,116,116,102,112,122,103,153,128,102,57,28,19,20,23,23,13,26,64,61,70,77,81,81,64,80,86,59,38,88,43,42,27,27,55,63,27,46,29,54,11,31,28,40,33,37,51,22,36,18,28,19,32,16,20,28,21,32,32,27,20,5,28,23,30,39,25,12,26,25,18,31,20,17,31,25,12,23,18,33,19,21,28,26,21,22,8,18,21,10,31,26,15,21,12,17,12,15,29,8,30,19,14,6,25,19,12,27,23,14,12,9,13,0,5,36,19,23,30,30,23,30,22,7,21,20,1,11,2,18,29,10
10,26,29,36,40,14,31,22,12,24,22,25,16,28,27,29,10,17,24,30,31,26,11,28,17,25,23,29,18,30,9,31,31,26,24,17,21,18,53,111,100,143,149,161,132,158,150,156,141,105,50,18,21,22,22,35,43,75,74,98,97,80,75,50,55,53,42,33,27,22,9,0,27,12,14,11,11,23,30,15,0,24,9,13,23,18,2,19,24,20,24,6,20,27,19,15,1,26,13,20,12,28,27,35,33,25,18,24,31,27,30,9,20,27,22,23,9,10,21,13,15,15,1,4,14,16,23,13,31,15,15,9,10,26,24,4,17,22,7,17,15,17,6,22,10,23,3,23,20,14,6,12,23,21,30,25,14,26,29,3,29,19,9,19,31,24,18,24,12,11,21,10
25,30,26,29,32,31,26,9,23,30,30,24,29,23,24,13,17,14,10,21,18,16,23,24,30,16,19,18,12,9,19,4,3,7,21,18,30,21,9,11,28,30,29,30,18,41,90,129,122,145,152,148,171,121,145,147,111,70,23,16,22,24,21,19,19,31,31,47,47,53,45,50,38,29,38,31,27,26,26,22,28,28,16,16,16,11,19,31,31,23,25,24,15,16,18,30,41,18,18,7,17,8,22,20,20,9,29,7,8,32,29,13,12,30,12,22,34,11,26,18,31,17,19,12,20,30,17,9,25,20,31,21,23,21,19,13,20,24,15,19,23,20,12,24,8,16,30,9,22,28,19,19,32,19,23,26,39,25,26,36,36,31,27,24,29,30,36,42,36,22,31,31
31,19,19,13,19,24,29,14,26,3,11,23,31,22,14,12,17,33,28,15,21,21,15,24,26,23,29,14,18,66,130,151,150,167,154,143,145,132,160,154,105,60,14,19,16,20,23,82,84,122,122,93,87,76,60,69,48,58,39,35,32,23,10,20,3,25,26,28,14,22,22,31,15,33,29,19,32,20,30,15,19,35,23,3,18,12,26,12,0,24,26,15,18,12,25,20,11,30,30,29,18,29,17,32,17,30,4,31,27,13,16,23,8,24,9,21,19,22,12,31,33,34,23,29,30,13,14,20,25,11,30,8,1,16,31,11,4,29,11,31,6,14,19,17,4,10,7,13,24,19,14,21,8,21,25,3,26,12,9,24,31,20,15,11,22,19,16,15,31,11,7,21
21,29,26,22,27,24,17,9,20,25,14,25,23,27,20,9,19,24,5,25,20,18,29,28,15,31,8,7,27,1,19,17,3,4,25,31,11,27,23,8,24,28,3,21,79,139,139,139,139,135,135,159,150,150,117,79,23,16,10,19,8,26,53,80,80,99,86,77,75,71,54,56,44,32,30,25,17,20,19,11,31,29,21,26,18,6,14,15,22,24,16,19,10,14,23,23,29,22,26,23,7,19,12,28,9,13,24,20,18,29,18,28,15,25,14,22,13,8,13,10,24,9,27,22,25,5,11,1,2,17,21,13,16,15,29,22,12,0,28,6,31,19,18,18,31,14,26,12,24,21,23,29,14,11,29,33,30,25,28,22,30,27,39,22,20,21,9,24,18,13,30,20
26,26,26,29,35,32,23,27,14,16,21,15,21,21,12,14,27,31,27,14,14,31,19,27,38,4,34,22,18,22,19,16,21,25,9,7,78,113,94,103,100,115,97,105,111,103,93,82,27,6,19,29,27,12,31,37,59,73,70,63,50,53,40,50,44,35,39,32,39,21,25,10,19,28,9,10,6,16,20,30,0,29,31,27,7,25,8,4,12,25,17,30,16,11,16,14,7,12,26,22,31,20,9,13,17,31,3,8,20,2,30,2,0,18,8,22,22,19,15,6,19,16,19,22,17,7,20,20,9,3,4,18,0,14,15,18,23,24,16,17,29,20,30,8,17,32,32,36,37,35,30,29,32,32,31,27,26,19,21,10,26,34,21,34,25,35,34,20,28,24,30,32
32,42,46,50,24,32,31,25,25,20,20,34,40,29,31,39,28,37,15,13,33,27,13,9,23,21,9,17,20,16,15,10,10,26,22,19,16,26,20,18,20,15,30,26,41,52,29,28,22,34,125,129,89,89,89,137,125,125,130,127,99,99,37,18,29,12,24,39,28,66,82,74,75,58,46,57,82,82,82,55,53,53,23,42,42,50,33,28,17,18,21,16,18,46,46,55,30,32,33,25,24,18,29,19,22,22,22,30,24,29,28,34,25,62,43,57,34,31,25,18,33,38,66,74,50,33,43,35,35,53,34,23,13,29,27,33,45,37,28,18,18,19,42,37,39,36,30,17,21,28,24,21,16,16,27,23,20,27,30,31,17,26,35,27,40,38,39,29,21,17,31,22
23,25,23,42,36,34,31,29,53,38,34,32,40,37,32,52,49,72,50,50,45,40,39,32,21,34,43,33,30,16,27,22,32,31,17,26,17,22,34,39,21,27,27,19,30,25,35,30,26,37,90,121,115,110,110,125,123,123,123,122,137,137,57,38,19,24,14,12,17,19,39,70,61,48,57,41,44,35,35,18,34,35,27,17,17,7,26,31,21,17,31,41,36,40,28,35,30,17,19,18,34,29,20,28,35,21,22,16,9,19,27,30,11,30,23,28,30,17,20,23,15,28,12,27,20,30,32,47,41,38,19,20,28,23,25,21,24,25,18,20,12,26,20,17,7,23,18,11,16,23,12,7,10,22,15,16,11,23,23,31,25,16,27,21,19,13,28,15,22,22,7,16
16,29,30,40,25,26,27,28,29,31,29,34,43,32,27,32,17,23,16,29,25,12,24,13,22,32,23,19,23,29,17,19,25,28,24,29,27,23,9,32,17,18,15,18,20,29,9,20,32,30,26,29,20,16,19,25,31,37,34,29,16,37,28,24,19,104,125,142,132,120,150,150,150,156,136,136,108,38,29,16,27,25,16,24,29,46,60,62,67,67,39,32,53,43,29,26,15,13,31,23,14,14,23,8,16,12,25,26,16,15,8,19,8,20,27,8,2,22,23,32,21,22,17,27,19,31,27,13,29,11,24,27,19,16,27,15,25,14,30,10,21,22,20,22,28,30,19,10,24,14,18,29,29,22,31,29,26,13,28,16,25,14,29,17,26,22,12,10,22,34,29,28
15,27,21,12,16,27,21,22,39,28,31,16,31,32,23,29,27,23,25,9,29,26,32,24,18,22,12,17,17,28,20,30,10,14,14,20,29,19,23,31,6,17,14,27,7,22,26,29,8,29,60,118,138,153,149,115,129,135,130,111,107,78,37,22,26,10,8,17,21,44,73,72,85,82,65,52,54,30,32,36,29,29,31,22,27,33,17,28,25,24,17,21,20,29,15,24,26,21,30,34,20,22,26,52,49,44,36,31,44,33,38,23,29,14,28,14,12,21,25,38,34,35,30,37,29,38,22,10,22,23,15,21,17,19,29,13,10,19,28,15,13,16,17,29,27,25,26,23,32,34,21,27,24,29,28,20,23,20,23,23,21,12,30,13,19,18,22,14,17,25,23,27
23,39,36,32,27,43,34,33,37,25,20,28,28,22,23,31,22,33,31,18,35,31,29,40,33,43,38,40,32,33,23,28,32,32,29,38,37,33,28,13,33,30,30,34,46,32,34,38,33,36,33,27,20,34,28,36,42,41,42,20,30,20,31,23,28,28,22,99,125,128,104,147,151,138,130,137,141,120,99,41,19,18,33,33,35,29,42,76,67,77,56,68,49,35,40,40,31,55,32,28,33,37,24,27,15,17,20,33,28,36,30,29,22,26,27,26,23,24,17,16,15,30,18,26,16,11,26,18,30,37,8,16,23,32,24,39,20,18,17,25,33,37,20,26,29,33,22,29,20,25,27,28,23,25,17,28,17,27,13,12,33,30,31,17,28,14,32,16,29,18,26,20
13,28,25,41,31,30,33,26,33,16,28,8,23,16,32,31,24,31,33,20,20,17,28,35,36,25,17,25,23,28,28,23,15,18,13,16,16,21,11,25,12,26,8,21,10,12,21,30,20,19,10,28,43,43,11,15,20,29,17,41,38,33,50,44,41,59,42,29,25,54,21,18,30,95,136,123,137,146,156,145,141,139,144,129,71,49,37,20,19,22,27,15,13,64,72,74,87,63,53,41,50,45,33,31,17,26,27,6,29,10,19,31,23,29,24,25,9,16,15,22,19,32,13,22,20,8,15,20,33,21,28,28,38,24,30,16,18,27,33,26,17,20,30,19,25,27,18,19,16,29,23,25,41,37,29,31,39,20,10,23,16,15,17,29,43,50,54,45,20,23,24,17
32,46,35,38,36,30,25,6,13,31,26,31,31,36,27,30,24,26,38,26,49,33,36,83,87,60,57,47,57,56,48,63,63,46,38,81,79,55,39,45,38,53,38,41,40,27,36,40,56,32,49,35,41,31,46,48,32,23,44,44,44,161,184,184,169,178,178,178,199,150,150,31,22,27,23,25,20,34,65,67,68,58,54,46,50,44,44,42,50,27,24,23,23,14,21,37,25,22,26,40,21,21,31,23,24,31,30,14,22,13,17,23,10,16,28,25,30,8,4,21,17,13,32,29,34,27,9,9,24,14,15,32,28,20,18,12,15,10,24,17,30,10,28,18,23,25,30,13,12,29,14,9,9,29,25,16,21,10,33,14,24,15,18,28,31,10,21,34,21,17,24,11
9,34,43,30,32,37,35,36,33,29,30,21,33,25,32,21,12,17,31,18,18,21,25,27,30,29,12,19,14,14,30,15,19,27,5,19,5,27,28,11,30,27,8,28,16,26,24,28,29,14,14,22,69,104,117,136,140,108,140,120,123,111,103,69,19,36,12,9,30,23,25,64,68,78,67,80,73,58,54,54,38,37,28,37,20,14,18,29,16,13,16,31,9,17,29,14,8,11,11,21,29,25,4,29,26,21,12,19,27,30,16,21,7,31,25,18,25,30,22,22,14,16,14,22,13,30,12,29,20,28,29,16,25,12,31,15,22,26,3,20,32,36,29,25,32,12,12,31,6,14,20,27,10,26,17,26,25,22,22,26,24,18,22,27,25,14,22,16,23,31,31,7
30,29,33,26,25,18,29,32,12,19,15,28,27,20,18,16,24,15,16,17,14,27,15,9,18,34,27,12,10,13,31,28,19,12,8,21,28,21,27,8,16,28,27,10,20,47,108,101,98,114,120,102,113,109,103,105,58,31,25,20,17,17,18,19,34,58,65,78,70,68,52,53,46,53,42,43,31,29,30,21,25,30,25,16,20,16,30,25,24,18,24,13,26,6,8,26,17,18,20,33,12,30,14,27,25,13,26,12,29,25,20,27,14,30,26,23,20,12,30,13,16,23,15,17,31,16,8,16,29,24,20,24,30,16,29,23,17,23,28,19,16,28,14,22,37,46,51,25,38,31,20,15,29,15,17,21,16,34,22,19,9,30,28,27,18,13,12,28,18,12,14,30
32,17,24,23,32,34,27,26,12,14,13,12,9,24,18,23,5,12,19,7,26,12,20,19,16,21,16,18,30,20,8,3,10,13,0,25,27,23,12,10,18,31,24,32,25,15,21,84,123,136,136,136,126,127,127,113,102,102,23,28,15,19,26,20,14,32,60,64,59,50,42,42,40,46,41,38,35,26,19,30,15,24,17,27,39,30,11,22,18,19,25,13,18,12,24,30,31,11,11,8,18,28,8,24,28,23,14,28,28,15,31,16,18,15,25,27,10,27,30,12,30,21,21,12,6,20,16,31,27,19,21,14,29,29,11,15,15,17,14,26,29,20,20,21,17,28,18,28,22,14,11,9,27,28,10,22,17,16,16,27,19,8,23,20,23,11,21,32,17,17,29,14
30,32,40,24,28,21,12,28,24,15,18,30,12,16,5,15,13,5,28,9,25,10,24,24,26,11,20,7,6,23,6,24,28,20,27,34,9,22,25,21,30,23,29,7,21,26,11,22,18,23,19,38,30,32,31,74,113,134,128,137,124,138,139,123,117,134,102,61,20,28,13,13,10,13,34,73,86,88,73,68,57,46,44,50,48,43,73,49,38,40,26,36,22,37,14,13,23,25,7,10,13,11,25,18,16,14,24,31,5,14,14,30,19,32,15,19,19,16,15,23,28,38,15,25,16,18,23,16,16,18,11,32,24,9,17,13,5,26,27,10,29,22,15,23,26,16,14,17,11,13,15,29,28,14,14,16,9,18,17,16,30,15,10,10,16,23,17,29,28,20,12,11
11,35,23,30,21,28,24,21,35,41,26,23,12,15,26,12,22,14,28,26,13,30,25,23,33,22,12,17,20,22,20,23,20,13,28,10,24,15,30,14,23,19,14,24,16,20,20,31,32,85,85,147,125,132,132,131,125,125,125,119,119,32,32,24,24,11,22,24,17,54,51,59,60,53,45,49,34,33,35,36,35,21,17,21,22,30,25,28,10,17,20,31,18,11,11,31,16,15,11,20,28,19,16,21,11,10,22,31,35,26,12,26,30,18,25,8,14,14,21,23,27,22,27,29,19,8,31,8,24,17,13,20,11,24,17,15,24,10,31,8,31,30,9,16,29,30,30,4,25,9,30,23,14,23,14,24,21,30,26,26,9,13,28,15,13,26,17,16,13,10,20,21
21,31,27,38,42,20,22,26,30,23,22,29,36,33,33,37,41,50,34,38,26,16,16,24,15,24,23,35,12,23,19,30,26,38,30,40,36,31,34,38,50,26,20,40,31,34,34,20,17,16,30,26,29,21,16,38,31,21,23,77,121,126,119,139,128,136,115,107,121,114,101,72,25,17,18,27,22,32,41,77,86,83,74,60,80,58,67,50,45,59,55,43,46,30,21,21,21,28,31,23,21,15,12,26,20,6,25,27,20,19,15,33,14,27,14,17,30,15,25,22,32,33,14,20,20,28,11,22,15,15,26,5,19,31,16,24,8,19,13,28,22,33,30,16,29,23,16,10,10,15,23,24,21,15,30,14,17,11,4,17,27,22,25,19,8,9,13,20,11,26,23,24
29,38,24,23,28,43,24,27,15,29,20,22,17,22,18,39,29,22,45,25,23,25,32,19,19,20,28,34,46,28,31,18,26,45,39,31,14,15,15,22,19,52,17,30,24,20,21,31,72,101,108,101,117,144,128,118,133,125,118,105,26,22,12,6,9,12,31,73,118,100,93,88,60,59,43,34,40,36,27,35,42,32,37,29,15,26,35,25,37,27,35,25,27,20,36,23,17,34,17,30,24,12,25,20,30,29,22,27,31,29,32,25,19,19,31,21,29,18,19,16,22,26,21,20,17,31,31,35,28,36,36,17,21,28,21,29,8,21,31,23,33,30,22,27,23,18,29,19,30,18,13,12,16,17,21,11,14,15,30,24,30,23,15,31,17,16,31,17,30,17,23,30
30,30,32,38,48,36,25,40,35,24,39,42,28,13,19,22,6,30,29,28,20,9,18,29,24,30,26,15,31,24,4,9,21,28,14,32,28,31,25,16,9,16,23,23,27,14,31,9,25,71,99,107,99,114,111,107,108,113,93,107,87,31,18,21,27,20,20,29,18,63,87,83,82,74,57,45,48,56,36,35,28,30,29,17,16,25,23,24,11,27,24,23,27,9,16,6,15,19,18,13,17,18,13,15,22,19,30,22,10,19,22,8,20,16,15,20,22,16,19,20,17,14,13,23,28,17,19,20,11,27,8,21,10,13,30,12,14,11,6,20,17,23,31,24,25,20,25,9,6,12,28,5,22,6,31,23,15,30,20,20,27,17,20,17,17,28,14,15,29,26,8,4
4,17,19,22,9,21,28,26,36,23,32,21,8,9,15,30,23,29,22,8,23,31,18,23,18,10,12,31,27,17,33,13,4,31,31,30,2,4,4,19,16,17,9,8,18,20,90,125,128,125,124,147,136,128,119,126,123,100,45,19,12,18,20,26,28,37,48,63,70,48,48,47,42,34,35,33,33,31,18,15,31,22,25,2,4,31,17,17,19,23,5,4,6,12,3,17,19,10,31,15,0,20,20,12,6,3,15,20,31,14,25,23,29,20,18,24,25,24,26,25,31,28,35,33,28,20,24,26,26,30,25,23,17,20,35,25,21,21,23,20,30,30,25,5,20,2,23,28,17,23,5,14,14,19,15,20,26,26,19,32,11,31,29,29,28,25,17,13,28,15,5,8
8,16,28,24,29,22,18,30,19,23,15,33,28,26,25,32,45,18,33,32,18,14,22,31,10,8,25,13,28,16,24,23,21,28,24,20,19,16,18,26,25,28,16,28,30,25,9,31,73,104,129,114,118,135,137,113,126,104,123,97,47,18,19,25,31,29,22,57,70,83,81,66,63,61,46,54,47,39,36,28,30,18,13,21,30,18,4,11,30,12,16,16,23,24,25,18,27,31,26,11,17,21,22,17,29,36,30,16,16,12,26,29,16,22,17,10,10,26,22,26,24,8,19,11,15,8,23,25,11,23,23,20,17,1,27,29,5,18,10,8,29,30,24,6,16,22,17,29,30,23,26,17,16,29,13,25,1,14,12,21,24,2,15,10,5,29,7,23,20,16,10,31
31,11,33,31,31,39,32,23,21,29,27,32,26,19,21,16,23,23,19,17,28,28,26,26,4,31,28,21,27,10,15,23,21,22,24,27,27,32,25,18,27,23,21,14,27,17,30,41,26,15,11,19,20,27,28,30,17,28,29,21,14,21,21,12,25,17,13,16,31,19,18,28,4,26,7,20,27,25,20,23,14,63,113,128,120,131,143,159,157,146,111,148,80,37,11,25,28,12,9,18,57,66,70,50,52,58,51,50,43,46,41,17,26,20,2,2,29,27,30,29,27,11,21,17,4,19,12,12,31,11,24,23,18,29,12,22,25,25,30,24,13,28,28,12,15,13,6,12,16,25,25,7,5,25,10,27,3,5,12,22,24,19,23,25,29,6,6,11,21,8,21,6
11,28,25,30,30,24,15,24,38,66,59,59,36,66,43,44,53,66,31,33,25,60,56,53,25,74,25,60,22,39,31,29,36,25,50,25,20,28,17,26,19,31,28,2,5,25,28,10,22,10,43,27,8,8,25,22,26,16,7,18,15,6,22,24,27,28,15,18,21,5,0,1,34,5,4,0,3,18,11,8,31,31,17,23,25,13,23,91,116,152,154,154,144,139,139,156,138,138,67,28,20,20,18,24,9,53,92,84,75,71,66,66,54,55,48,56,43,45,38,41,18,10,14,20,21,18,27,24,8,17,25,8,25,19,19,19,19,7,13,10,9,13,18,27,20,25,11,18,21,30,10,18,12,8,10,15,22,5,26,18,24,26,24,20,18,19,13,15,27,20,17,14
24,28,30,18,33,34,37,28,22,23,27,30,29,18,33,19,29,28,27,18,24,21,17,24,12,31,9,24,24,26,12,12,11,23,28,29,22,21,26,28,6,12,10,13,25,56,70,80,32,28,31,24,37,24,21,27,20,13,20,39,27,40,31,43,26,26,33,35,34,46,36,28,17,74,173,164,148,170,149,184,182,164,181,158,119,74,31,24,18,25,26,33,14,51,62,52,64,69,64,56,55,38,50,36,40,44,31,24,34,15,28,30,29,28,27,9,29,28,23,25,17,20,8,17,6,25,5,27,14,9,7,18,15,14,22,10,8,8,8,9,26,17,21,18,12,17,26,9,15,30,30,16,11,8,8,17,0,14,16,11,7,10,24,16,5,13,2,7,8,6,1,22
27,15,8,13,25,20,23,31,28,15,22,24,19,21,20,18,13,22,19,28,32,19,38,33,36,34,18,30,26,31,27,27,24,27,24,24,19,19,32,12,14,26,9,22,80,126,121,140,161,175,143,161,148,144,132,84,31,22,16,27,13,24,14,30,60,68,66,56,60,52,52,44,54,37,29,23,29,31,8,11,16,29,29,20,27,19,13,17,26,9,16,31,15,17,10,28,15,27,18,18,13,19,31,30,3,28,28,29,31,17,21,22,13,17,30,15,16,12,7,5,26,6,19,30,24,14,17,15,7,15,8,28,31,17,13,18,24,10,18,20,19,23,27,13,10,27,22,15,14,14,6,27,15,10,19,21,22,24,31,34,24,9,27,12,23,11,19,26,23,22,27,28
20,14,23,32,22,13,40,28,29,41,22,14,31,10,18,9,33,25,18,25,23,16,21,10,28,19,11,28,28,38,26,24,13,31,22,17,18,8,20,23,35,3,23,25,21,18,20,49,140,165,155,182,174,172,171,148,157,96,73,26,30,19,29,21,27,31,66,86,75,68,59,59,51,40,49,42,40,32,30,26,17,15,18,21,20,38,28,18,25,15,25,22,22,25,26,16,26,28,22,22,10,30,18,23,7,17,18,24,5,20,28,11,28,24,21,30,5,13,28,32,27,19,27,16,27,17,27,23,23,32,26,18,15,20,0,21,27,1,19,20,19,26,24,16,31,17,25,19,18,7,16,23,11,10,15,26,12,2,28,6,21,9,1,18,28,30,24,9,25,5,28,5
